username,rating,sentiment,date,review,clean_review
舞風（Maikaze）,1,Negative,2026-04-19 00:23:55,pota wala makuha,pota wala makuha
Sozhan Vithya,5,Positive,2026-04-19 00:16:51,good 👍,good
Radio Kamek,1,Negative,2026-04-18 23:21:12,rider purposely cancel your booking when they knew price has increased. even though your booking is confirm and you have waited more than 10 minutes. part of legal scam. i wish i can blacklist or give 1 star to this type of rider,rider purposely cancel booking knew price increased even though booking confirm waited minute part legal scam wish blacklist give star type rider
Kidwell Serongwane,5,Positive,2026-04-18 23:01:38,Brilliant...,brilliant
Yu Shi,1,Negative,2026-04-18 22:43:38,selalu bintang 1,selalu bintang
Justine Sandoval,5,Positive,2026-04-18 22:36:20,Best Driver ever,best driver ever
Jericho Majait,5,Positive,2026-04-18 22:30:10,nice,nice
Ani Romdayani,5,Positive,2026-04-18 22:16:06,Thank you for helping all people can drop or pickup also the efficiency cost transportation. Many thinks I can't describe it here but the key is THANKS!,thank helping people drop pickup efficiency cost transportation many think cant describe key thanks
Влад Обухов,1,Negative,2026-04-18 22:06:15,"Wonderful app. Your order can take 3 or 4 hours. You can even go to sleep. But cancel the order? ""No! Are you crazy?""",wonderful order take hour even sleep cancel order crazy
Vladislav Obukhov,1,Negative,2026-04-18 22:03:49,"I used the Grab app in Phuket. The inability to cancel an order when it hasn’t even been prepared yet is just wonderful. The delivery time keeps getting pushed back indefinitely. And of course, if you need change, there is a 95% chance you will not get it because they ""no have"".",used phuket inability cancel order hasnt even prepared yet wonderful delivery time keep getting pushed back indefinitely course need change chance
Yu Mon,5,Positive,2026-04-18 22:00:15,ဖွင့်လို့မရဘူး,
Akira Benjamin,1,Negative,2026-04-18 21:41:26,I paid for choco lava cake for 105 pesos to dominos pizza but they delivered a crinkle with a little sprinkle of milk powder and I tried to complain for the inconvenice but instead they gave me unattentive number they just gave me useless number of store and they claim that they resolve my problem what the... we order food to grab every cut off to satisfy our craving and this is how they resolve our issue,paid choco lava cake peso domino pizza delivered crinkle little sprinkle milk powder tried complain inconvenice instead gave unattentive number gave useless number store claim resolve problem order food every cut satisfy craving resolve issue
Erik Aguirre,1,Negative,2026-04-18 21:19:49,nonsense grab support,nonsense support
Tawfiq Lim,1,Negative,2026-04-18 21:08:32,"suda 3 tahun guna grab, paylater xpernah dpt. org yg xkerja dapat limit ribu, bg paylater baru tukar rating",suda tahun guna paylater xpernah dpt org xkerja dapat limit ribu paylater baru tukar rating
Jahan Felipe,1,Negative,2026-04-18 20:26:54,"It is more expensive, no free delivery when you have a premium subscription, slow on the internet, and complicated to use. Better use Foodpanda and see the greatness of it.",expensive free delivery premium subscription slow internet complicated better foodpanda see greatness
Khyle Vhanderjhek,2,Negative,2026-04-18 19:48:55,"most of the food delivery drivers are not committed to their job. imagine, everytime na mgaapadeliver ako ng food puro cancellations na lang ginagawa nila. Medyo malayo raw, kung tutuusijn di naman siya ganun kalayo. Namimili sila kostumer nila.",food delivery driver committed job imagine everytime mgaapadeliver ako food puro cancellation lang ginagawa nila medyo malayo raw kung tutuusijn naman siya ganun kalayo namimili sila kostumer nila
Elliot Lea,5,Positive,2026-04-18 19:43:30,great app!,great
tiara diva,3,Neutral,2026-04-18 19:40:55,sekarang ongkir grabfoodnya mahal banget. trus fitur yang bisa pakai multiple voucher tapi cuma beberapa voucher aja yg bisa. vouchernya juga udah ngga sebanyak dulu,sekarang ongkir grabfoodnya mahal banget trus fitur yang bisa pakai multiple voucher tapi cuma beberapa voucher aja bisa vouchernya juga udah ngga sebanyak dulu
Kim Yeo,5,Positive,2026-04-18 19:35:45,Very helpful when overseas,helpful overseas
Andi Channel,1,Negative,2026-04-18 19:14:04,driver lambattttttttt,driver lambattttttttt
Phing Phing,1,Negative,2026-04-18 18:39:20,"ngapain sih pake gambar gambar AI, saya stop pake grab sejak liat gambar2nya. tolong diperbaiki",ngapain sih pake gambar gambar saya stop pake sejak liat gambarnya tolong diperbaiki
Syeda iramdaniyal Syeda iramdaniyal,5,Positive,2026-04-18 17:03:57,good app,good
Wina KakaAmoy,5,Positive,2026-04-18 17:02:44,very good,good
Siti Nur Rubiah,5,Positive,2026-04-18 16:54:07,memudahkan segala urusan,memudahkan segala urusan
Ghins Bon,5,Positive,2026-04-18 16:49:52,the best,best
Rj One,5,Positive,2026-04-18 16:42:23,wow,wow
R A N A,5,Positive,2026-04-18 15:49:15,good app Malaysia,good malaysia
Amri Lubis,1,Negative,2026-04-18 15:23:02,"KECEWA BERAT! saya order makanan pakai uang digital. makanan di terima dengan baik dan saldo saya sdh terpotong sesuai total hrg makanan. waktu itu saya order makanan dengan total sekitar 120rb (95rb dan 25rb) dan saldo awal saya 150rb. besokny saya mau order makanan lg dengan total sekitar 50rb an. krn kurang saya top up 100rb. pas mau buat order, tertahan krn d suruh bayar 95rb dr orderan kmrn. sy ajukan pengaduan. blm jg solve, besok ny sy cek saldo sy sdh d potong 95rb tanpa penjelasan ke sy",kecewa berat saya order makanan pakai uang digital makanan terima dengan baik dan saldo saya sdh terpotong sesuai total hrg makanan waktu itu saya order makanan dengan total sekitar dan dan saldo awal saya besokny saya mau order makanan dengan total sekitar krn kurang saya top pa mau buat order tertahan krn suruh bayar orderan kmrn ajukan pengaduan blm solve besok cek saldo sdh potong tanpa penjelasan
Michael Dimaampao,1,Negative,2026-04-18 15:09:21,one time loan lang pala ang grab cash loan na kapag nakabayad ka na hindi ka na makakaulit ipa-loan ulit.,time loan lang pala ang cash loan kapag nakabayad hindi makakaulit ipaloan ulit
Zabih Jani,5,Positive,2026-04-18 14:52:24,i like ❤️,like
neil macintosh,5,Positive,2026-04-18 14:50:59,Great service,great service
Didie Daniel,1,Negative,2026-04-18 14:27:18,I alrady topup..but the money not come...plus my bank already deduct,alrady topupbut money comeplus bank already deduct
David P,5,Positive,2026-04-18 13:48:11,works well in Vietnam,work well vietnam
C S L C,3,Neutral,2026-04-18 13:38:46,Kindly have some standards in your grab drivers n car... Car to b maintain... Most importantly no smoking in cars n pls educate drivers so not put those sweet smell fragrance sometimes it's too pungent for passengers who have sensitive nose and to keep car clean from dust n dirt. Keep it clean for all passengers. For the food priority used vip delivery option but it makes no sense that driver is late n yr timing keep extending so what is priority delivery for?,kindly standard driver car car maintain importantly smoking car pls educate driver put sweet smell fragrance sometimes pungent passenger sensitive nose keep car clean dust dirt keep clean passenger food priority used vip delivery option make sense driver late timing keep extending priority delivery
Arunava Nag,5,Positive,2026-04-18 13:30:33,"Grab is absolutely too convenient app. It offers a variety of services like food delivery, package delivery and a safe and secured taxi ride booking. This incredible app is very fast, reliable and easy to use.",absolutely convenient offer variety service like food delivery package delivery safe secured taxi ride booking incredible fast reliable easy
Stephen Massey,5,Positive,2026-04-18 13:28:07,excellent ride,excellent ride
Thae Thae Nu,5,Positive,2026-04-18 13:25:01,good,good
fussganger,3,Neutral,2026-04-18 12:51:45,"I think it'll be good to define if tolls for highways are included in the fare or not, before you grab the ride",think itll good define toll highway included fare ride
SY Tan,1,Negative,2026-04-18 12:44:57,Cannot pinpoint my current location properly. So much hassle trying to make a call to the driver. Charge me incorrectly yet insist they are right when I have the screenshots to prove.,pinpoint current location properly much hassle trying make call driver charge incorrectly yet insist right screenshots prove
Riza Ahmad Ibrahim,1,Negative,2026-04-18 12:34:45,"Tolong ini mah min mitra GRAB lebih diedukasi lagi. Sebagian mitra motor Plat nomer dipakein selotip item apalagi di jakarta mksdnya biar apa? kalau memang merasa taat aturan jalan, jujur, punya integritas, tidak lawan arus, tidak naik trotoar, ngerokok di jalan, dan tidak ngelunjak. Ngapain harus ditutupin plat nomernya toh. Sebagian SDM gojek kecerdasannya kurang. Tolong lebih tegas lagi. kalau bisa ada pihak dari gojek sebagai mata"" untuk menertibkan peraturan di jalanan. Suwonn..",tolong ini mah min mitra lebih diedukasi lagi sebagian mitra motor plat nomer dipakein selotip item apalagi jakarta mksdnya biar apa kalau memang merasa taat aturan jalan jujur punya integritas tidak lawan arus tidak naik trotoar ngerokok jalan dan tidak ngelunjak ngapain harus ditutupin plat nomernya toh sebagian sdm gojek kecerdasannya kurang tolong lebih tegas lagi kalau bisa ada pihak dari gojek sebagai mata untuk menertibkan peraturan jalanan suwonn
Alyssa Moya,2,Negative,2026-04-18 12:30:26,"This is not just a data. These are developer instructions and feedback. No follow-up to my complaint. No way to reach a real person. Just layers of AI pretending to be “support.” When a company operates like it can’t be challenged, this is how their customer support look likes. Goodbye. I am uninstalling. Anyway, goodluck making your AI sounding like a world class customer service at the same time sounding like a simlish customer service.",data developer instruction feedback followup complaint way reach real person layer pretending support company operates like cant challenged customer support look like goodbye uninstalling anyway goodluck making sounding like world class customer service time sounding like simlish customer service
JOSE MARI PEREZ,5,Positive,2026-04-18 12:28:28,pinaliwanag niya sa smin ang ruta na dadaanan dahil di kami pamilyar sa lugar.,pinaliwanag niya smin ang ruta dadaanan dahil kami pamilyar lugar
mijah shah,2,Negative,2026-04-18 11:56:29,entah la.... dah siap awal sejam pun still datang kerja lambat. tadi je dah kena cancel 2 kali 👍,entah dah siap awal sejam pun still datang kerja lambat tadi dah kena cancel kali
Daniel Bryan,5,Positive,2026-04-18 11:38:46,"GRAB SANGAT BERGUNA & MEMBANTU sangat bagus dan banyak fitur, secara teknis bener2 canggih & praktis, cuma kalah dipromo kadang sama si ijo. tapi layanan purna jual tetap terbaik disini ⭐⭐⭐⭐⭐",sangat berguna membantu sangat bagus dan banyak fitur secara teknis bener canggih praktis cuma kalah dipromo kadang sama ijo tapi layanan purna jual tetap terbaik disini
andrew ephraim elgo,1,Negative,2026-04-18 11:29:54,grab drivers are the worse! 90% of the time they cancel. specially during rush hour. we don't have a way to report??,driver worse time cancel specially rush hour dont way report
Alden rafael,5,Positive,2026-04-18 11:22:36,wow,wow
Saiful Azran,5,Positive,2026-04-18 11:21:10,driver yg bagus pasal sanggup ambil job walaupun rugi sebab luar dari kawasan,driver bagus pasal sanggup ambil job walaupun rugi sebab luar dari kawasan
Ivan James Freires,1,Negative,2026-04-18 11:16:16,useless priority free. still takes way too long to be prepared and delivered from a fastfood literally just 3km away!! i will be switching to food panda from now on also takes too long to get my refund 9n a obviously wrong delivery,useless priority free still take way long prepared delivered fastfood literally away switching food panda take long refund obviously wrong delivery
David Bennett,3,Neutral,2026-04-18 10:50:25,I don't know where to report a bug so I'll do it here. twice I've been waiting on a driver to accept and the app didn't update after I had a driver. I sat at the hospital waiting for a driver to accept while my driver was there waiting for me. and the driver that my app showed me waiting to accept wasn't even the same driver that was there. I closed the app and opened it again which made it refresh and showed my actual driver. the same thing just happened to me again.,dont know report bug ill twice ive waiting driver accept didnt update driver sat hospital waiting driver accept driver waiting driver showed waiting accept wasnt even driver closed opened made refresh showed actual driver thing happened
Stuart Flegel,5,Positive,2026-04-18 10:49:55,"taxi, food service and a lot more. very good app.",taxi food service lot good
Fatmir Shehu,5,Positive,2026-04-18 10:18:01,great.,great
Dipok nag,5,Positive,2026-04-18 10:12:24,Usefull app this one for Malaysia great appreciate,usefull malaysia great appreciate
Wenzel Brinosa,1,Negative,2026-04-18 09:54:53,di nagana,nagana
Md sumon,2,Negative,2026-04-18 08:59:18,",,৷ 😌😇😮‍💨😐😬",
Brian Ng,1,Negative,2026-04-18 08:15:07,"Feedback countless times that the pin drop for my home address is in correct, causing a perpetual problem of drivers being directed to the inner compounds of a condo, causing 5 mins delay. I've given Grab many feedback via the app and years to resolve the issue. But needless to say nothing has been done.",feedback countless time pin drop home address correct causing perpetual problem driver directed inner compound condo causing min delay ive given many feedback via year resolve issue needless say nothing done
Anis,3,Neutral,2026-04-18 07:56:16,"the bank system in here is so suckass bro beforreal, i lost my money tryna do transaction",bank system suckass bro beforreal lost money tryna transaction
Vasanthi Vasanthi,5,Positive,2026-04-18 07:23:23,good service,good service
Rezky Suryawijaya,1,Negative,2026-04-18 06:25:41,"buruk.. tanpa ada sebab apa² akun di suspend, padahal hanya dipakai utk transportasi singkat dr rumah ke stasiun lrt... driver grab nya bnyak yg gak sopan klw ngomong di telepon, sdh sekalian aja delete app, msh bnyak app online lainnya yg bagus.",buruk tanpa ada sebab apa akun suspend padahal hanya dipakai utk transportasi singkat rumah stasiun lrt driver nya bnyak gak sopan klw ngomong telepon sdh sekalian aja delete msh bnyak online lainnya bagus
Randi Suranto,1,Negative,2026-04-18 03:47:51,"Susah membatalkan pesanan, katanya masih cari driver tapi terlalu lama dan tidak ada pilihan batalkan pesanan, seolah-olah kita dipaksa nungguin pesanan yg gak tau kapan datangnya larena masih nyari driver.",susah membatalkan pesanan katanya masih cari driver tapi terlalu lama dan tidak ada pilihan batalkan pesanan seolaholah kita dipaksa nungguin pesanan gak tau kapan datangnya larena masih nyari driver
Dens Roscal,1,Negative,2026-04-18 02:15:56,PUKINANGINA NYO,pukinangina nyo
Ezequiel Gimotea,5,Positive,2026-04-18 02:01:23,very nice,nice
fazri,3,Neutral,2026-04-18 01:12:45,buat pembayaran qris nya kurang convenient karna harus scan qr driver. kenapa gak aplikasi langsung kasih qris dan kita bayar langsung,buat pembayaran qris nya kurang convenient karna harus scan driver kenapa gak aplikasi langsung kasih qris dan kita bayar langsung
Nay Laing,5,Positive,2026-04-18 01:06:29,good,good
Muhammad Ali,5,Positive,2026-04-18 01:03:29,very good,good
Liz,5,Positive,2026-04-18 00:44:10,great driver,great driver
Alfred Raymond,1,Negative,2026-04-18 00:02:28,saat mau pesan mcd di grab food harganya total 20 ribu lalu saya top up saldo ovo tapi setelahnya harga langsung berubah jadi 60 ribu lagi. kecewa banget,saat mau pesan mcd food harganya total ribu lalu saya top saldo ovo tapi setelahnya harga langsung berubah jadi ribu lagi kecewa banget
Igi Julio,1,Negative,2026-04-17 23:42:05,"Stupid app,",stupid
Tomasz G,1,Negative,2026-04-17 23:15:03,"Worst service ever. I book rides often and Grab app will find you a driver e.g. 18 mins away. after waiting for e.g. 15 mins, the driver just cancels and the app tells you ""Driver cancelled"" and ... ef you. App will offer you to find a new ride at the higher cost, with ZERO consideration. This is the worst example of businesses ethics (or lack of thereof) Grab has the worst customer service EVER!",worst service ever book ride often find driver min away waiting min driver cancel tell driver cancelled offer find new ride higher cost zero consideration worst example business ethic lack thereof worst customer service ever
Agie Yambao,5,Positive,2026-04-17 23:12:58,This is very helpful for us commuters to feel comfortable when travelling to another place. Thanks for the safe trip.,helpful commuter feel comfortable travelling another place thanks safe trip
Sausa Jodypati,1,Negative,2026-04-17 22:50:48,"status pengiriman makanan udah selesai tapi makanan tidak diterima, ajukan komplain udah 24 jam tidak ada perkembangan",status pengiriman makanan udah selesai tapi makanan tidak diterima ajukan komplain udah jam tidak ada perkembangan
coughargh,1,Negative,2026-04-17 22:27:07,scam. when the ride fee is at lower side be prepared to get cancelled and rebook with much higher fee,scam ride fee lower side prepared cancelled rebook much higher fee
Lakshmanan Sekar,1,Negative,2026-04-17 22:09:27,WOW NOW - 100% DELIVERY PROMISE... E Gets - 100% DELIVERY PROMISE... GRAB - 0% DELIVERY PROMISE ON ANY PUBLIC HOLIDAYS...HOW THEY CAN DO IT AND YOU CANNOT ??? LEARN BUSINESS FROM THEM...UNTIL THAN GOODBYE GRAB CAMBODIA,wow delivery promise get delivery promise delivery promise public holidayshow learn business themuntil goodbye cambodia
Mohd Shah,5,Positive,2026-04-17 22:06:46,Aps mntb,aps mntb
ohlala,1,Negative,2026-04-17 21:57:22,drivers cancel my ride cus i managed to get the usual fare. whats wrong with grab these days huh i always got an issue when im trying to reload amount on my acc.,driver cancel ride cu managed usual fare whats wrong day huh always got issue trying reload amount acc
Syahirah najwa,5,Positive,2026-04-17 21:49:45,"Super convenient for both rides and food. The drivers are professional, and the app is very user-friendly",super convenient ride food driver professional userfriendly
Juanico Juanico,5,Positive,2026-04-17 21:49:36,very comfortable,comfortable
ikhwan yahya,1,Negative,2026-04-17 20:56:55,got missing item and issue delay for 2 days without any update. then still dont get refund.,got missing item issue delay day without update still dont refund
Jeson Tjowari,1,Negative,2026-04-17 20:48:17,Extremely slow loading. most of the time I need to restart the apps multiple times just to order.,extremely slow loading time need restart apps multiple time order
Devin Rachman,3,Neutral,2026-04-17 20:30:19,"Its sad that sometimes the drivers are packed with multiple deliveries stacked at the same time, even sadder for us who have to wait 1-2 hours for a food delivery under 5 km away with no update because the driver need to deliver to somewhere else first. Geez.",sad sometimes driver packed multiple delivery stacked time even sadder wait hour food delivery away update driver need deliver somewhere else first geez
jenny anne Mejia,5,Positive,2026-04-17 20:01:06,cravings satisfied sarap ng shake👌,craving satisfied sarap shake
Juvelyn Balanquit,5,Positive,2026-04-17 19:38:51,nice,nice
Zainal Ale,5,Positive,2026-04-17 19:37:42,"Excellent Service, Thanks",excellent service thanks
Muhd Ikmal,5,Positive,2026-04-17 19:37:03,Easy to use and affordable price,easy affordable price
Laurensius Arief Rahman,1,Negative,2026-04-17 19:09:50,Here the think more you upgrade your aps the more worst youbget. I just got drive it took 5 minute and get far away it said (youbgot 5 min away) but i got 7 mint driver to get my location. So waited ajd suddenly i got canceled i dont know why and took another frickin 5 minute too get new driver 🤦🤦,think upgrade aps worst youbget got drive took minute far away said youbgot min away got mint driver location waited ajd suddenly got canceled dont know took another frickin minute new driver
James Española,1,Negative,2026-04-17 18:50:05,please fix it always glitches when i use it the map doesnt work and suddenly it stops working,fix always glitch map doesnt work suddenly stop working
Phyu phway Phoe Thar,5,Positive,2026-04-17 18:42:41,Good,good
Ryan Choong,1,Negative,2026-04-17 18:20:38,Grab is unbelievable! Waited for 2 hours and 30 min for their food delivery.,unbelievable waited hour min food delivery
hanny apek,5,Positive,2026-04-17 18:17:53,sangat2 baik,sangat baik
Nemo Nemo,1,Negative,2026-04-17 18:17:44,"they remove promo codes when u are a subscription active. and they mostly or almost only have promos for specific banks. used to be normal promos for ovo or even normal debit card payments. I checked a friends app same order and he dont have a subscription, and he has more promos. I use this app many times every day. this is not good and probably gonna have to switch to gojek again. having a subscription now is not worth it as they hide promos.",remove promo code subscription active mostly almost promos specific bank used normal promos ovo even normal debit card payment checked friend order dont subscription promos many time every day good probably gon switch gojek subscription worth hide promos
Jump Jump,2,Negative,2026-04-17 18:06:22,เวลารอแอพหารถนาน​ พอกดแคนเซิล​+ปิดแอพไป มักจะเด้งว่ามีไรเดอร์รับงาน และไรเดอร์กำลังมาตลอด​ คือแคนเซิลไปแล้วเพราะได้วิธีเดินทางใหม่แล้วไง​ กดเหตุผล​ คอนเฟิร์ม​แคนเซิลไปแล้ว​ ทำไมยังเด้งชื่อไรเดอร์มาให้อีก​ (เป็นมากกว่า3ครั้ง) ในบางครั้งพอเราปิดแอพแล้ว=เก็บโทรศัพท์​ใส่กระเป๋า​ ไรเดอร์ดันมาถึงแล้ว​ และติดต่อเราไม่ได้​ เราโดนหักตังอีก​ ทั้งที่แคนเซิล​แล้ว​ เคยรีพอร์ทไปแล้วก้อไม่ปรับปรุง,
Lee Zhong de,5,Positive,2026-04-17 17:41:54,Best order apps in the Social Media,best order apps social medium
Vivie Ampis,5,Positive,2026-04-17 17:16:29,goooooodd.......,goooooodd
Azni Salleh,3,Neutral,2026-04-17 17:13:55,Sekarang tak da extra 5x points ya bila naik grab macam sebelum ni.... Agak rugi juga sebb points sy agak banyak.macam mn nak claim balik points Xtra yg sy tak dapat.,sekarang tak extra point bila naik macam sebelum agak rugi juga sebb point agak banyakmacam nak claim balik point xtra tak dapat
emma H.,5,Positive,2026-04-17 17:09:00,Convenient for transport and food delivery. Fast and reliable service,convenient transport food delivery fast reliable service
Bhisma Cramer,5,Positive,2026-04-17 17:08:14,good,good
ARCENAL ART JOSEPH P.,5,Positive,2026-04-17 16:47:06,The app is convenient to use,convenient
ᴋʀɪsᴜ ᴄʜᴀɴ,1,Negative,2026-04-17 16:29:22,How many times do I have to say that the SIM card from my old account is already lost?! You don’t seem to understand at all. This is getting really frustrating. Do you really want my money to just stay stuck in GrabPay like that?! It’s the same thing over and over again—you’re not being helpful anymore. and help center its annoying,many time say sim card old account already lost dont seem understand getting really frustrating really want money stay stuck grabpay like thing againyoure helpful anymore help center annoying
voltiaaa,1,Negative,2026-04-17 16:21:48,lme babi tnggu siall,lme babi tnggu siall
Khin aye Thet,4,Positive,2026-04-17 16:04:52,very nice,nice
Ye Wint Khaing,5,Positive,2026-04-17 15:28:14,Good Application 😃 👍,good application
Nureen Najjah,5,Positive,2026-04-17 15:22:04,"Extremely convenient. Having transport, food delivery, and a digital wallet in one app makes life so much easier. The GrabRewards system is a nice bonus too!",extremely convenient transport food delivery digital wallet make life much easier grabrewards system nice bonus
Adelinajaffelin Andrian,5,Positive,2026-04-17 15:21:00,Sangat memuaskan,sangat memuaskan
Roman McP,1,Negative,2026-04-17 15:18:49,piece of rubbish the maps are always wrong. hard to pin location for pickup. FOOD orders are a disaster. waiting one hour for food 5 minutes away. food always arrives cold. drivers are uncontactable. grab support un helpful. DISASTER DO NOT USE GRAB FOOD DELIVERY.,piece rubbish map always wrong hard pin location pickup food order disaster waiting hour food minute away food always arrives cold driver uncontactable support helpful disaster food delivery
Muhamad Khairulhazim,2,Negative,2026-04-17 15:15:59,"as of 17/04/2026 I have updated my review to 2 stars. I could not update my profile information and topping up money was impossible due to my foreign status. I reached out to help center which was super confusing due to the ai bot bt then when I got the agent, she was nice but not very helpful. conclusion I still cant top up and edit my account.",updated review star update profile information topping money impossible due foreign status reached help center super confusing due bot got agent nice helpful conclusion still cant top edit account
Hope Lagarto Alas,5,Positive,2026-04-17 14:58:01,Love the simple design.,love simple design
John Josel Tajonera,1,Negative,2026-04-17 14:54:58,Inconvenient. Drivers pick you up. but they are 20-30 mins awaym That doesn't make sense.,inconvenient driver pick min awaym doesnt make sense
fazrul nazim,5,Positive,2026-04-17 14:50:04,good one for transport n oder food,good transport oder food
Dato Mahathir Mohd Mohd,1,Negative,2026-04-17 14:39:19,"Day by day it's getting worse on the services rider is rude, Grab response if slow. You're taking too much commission from us but not being responsible for your poor services. Orders are late and cancellation last minute, grab services small cars category but charges as premium cars!!!! You're robbing the people GRAB!!!!!!!!!!!!!!!",day day getting worse service rider rude response slow youre taking much commission responsible poor service order late cancellation last minute service small car category charge premium car youre robbing people
chaz james,1,Negative,2026-04-17 14:36:58,"Ga bs pesan grab food meni baru bikin ribet kebanhakan option, ga bs di proses",pesan food meni baru bikin ribet kebanhakan option prose
Tommy Wijaya,1,Negative,2026-04-17 14:35:14,"the grab food feature has become increasingly useless as I have tried twice to get my order for lunch today since 10AM, cancelled both times by the application due to no drivers accepting the order. if you were gonna cancel my order anyways, why not let me cancel my own order and not make me wait hours in anxiety. rather walk to get my own food",food feature become increasingly useless tried twice order lunch today since cancelled time application due driver accepting order gon cancel order anyways let cancel order make wait hour anxiety rather walk food
Fei Eduarte,5,Positive,2026-04-17 14:22:08,good,good
Raja Raveendrababu,1,Negative,2026-04-17 14:17:23,worst food app in entire world. may be they thinks they are clever 😭 if continue like this then it won't be long to shut it down. poor founder (if its not in his knowledge.,worst food entire world may think clever continue like wont long shut poor founder knowledge
水`しずお-Shizuo,5,Positive,2026-04-17 13:57:39,"wow after using Indian quick commerce and food apps like zomato, swiggy, blinkit, zepto.. Grab really feels like highschool project 😭😭😭😭 help..",wow using indian quick commerce food apps like zomato swiggy blinkit zepto really feel like highschool project help
Jerry Magic,2,Negative,2026-04-17 13:46:00,recently unexpected high pricing just normal period also,recently unexpected high pricing normal period
James Tee,5,Positive,2026-04-17 13:43:35,Not sure I was charged for $4 which I did not take ride of this grab . I was standing right in front of the main Wilmar building at 28 Biopolis. The driver waited at the other building which I did not call for. I have informed the driver to come to the right location but he refuse to turn back and left with straight cancellation . Very bad attitudes of this driver .,sure charged take ride standing right front main wilmar building biopolis driver waited building call informed driver come right location refuse turn back left straight cancellation bad attitude driver
Fabi Darren,5,Positive,2026-04-17 13:31:40,mabiles yung mga rider nice,mabiles yung mga rider nice
Kevin K.A,1,Negative,2026-04-17 13:26:38,"Customers are not respected by the support or Grab. Even though i paid for the subscription, the service provided by Grab is lacking. Insanely long time to get a driver, completely useless.",customer respected support even though paid subscription service provided lacking insanely long time driver completely useless
ma. daisy bersabe,5,Positive,2026-04-17 13:24:35,good driver,good driver
SA Painting Design,5,Positive,2026-04-17 13:17:51,ok,
Lea,5,Positive,2026-04-17 13:03:36,"Grab has been a really convenient and reliable app for my daily needs. Booking a ride is quick and easy, and drivers usually arrive on time. The app interface is simple to use, and I like how it shows accurate fare estimates and real-time tracking.",really convenient reliable daily need booking ride quick easy driver usually arrive time interface simple like show accurate fare estimate realtime tracking
Samuel Hone,5,Positive,2026-04-17 12:55:12,A reliable services for public,reliable service public
Hein Zayar Tun (Crow),4,Positive,2026-04-17 11:50:31,Waiting time is so long... Apart from that everything is fine...,waiting time long apart everything fine
Veg Heart,1,Negative,2026-04-17 11:28:59,ads watching app.,ad watching
Ahmad Bazlee Mohd Noor,1,Negative,2026-04-17 11:26:56,"Stupid app don't let me cancel my order after waiting for more than 2 hour. Orang lain pun ada plan, dari duk tunggu makanan tak sampai, bagi la option untuk cancel. Aku pun ada benda lain nak buat. Customer service is non existent. Only stupid app put AI as their customer service. Better swap to other deliver app.",stupid dont let cancel order waiting hour orang lain pun ada plan dari duk tunggu makanan tak sampai bagi option untuk cancel aku pun ada benda lain nak buat customer service non existent stupid put customer service better swap deliver
K Q,5,Positive,2026-04-17 11:17:33,doing well so far! esp dineout deals. can improve to have more shops using this!,well far esp dineout deal improve shop using
Dana Danaboy,5,Positive,2026-04-17 11:14:13,Nice,nice
Cath Gonzales,5,Positive,2026-04-17 11:10:56,Thank you,thank
Rimi Hutagalung,5,Positive,2026-04-17 11:02:45,okay,okay
Si Hijau,1,Negative,2026-04-17 10:54:37,cannot easily reach customer service,easily reach customer service
"ASPA, VERWIN C.",5,Positive,2026-04-17 09:59:17,"I had a great experience using Grab! The delivery was incredibly fast, and my order arrived earlier than expected. The rider was polite, professional, and handled everything with care. It’s very convenient and reliable. I highly recommend this service and will definitely use it again!",great experience using delivery incredibly fast order arrived earlier expected rider polite professional handled everything care convenient reliable highly recommend service definitely
KEITH,1,Negative,2026-04-17 09:52:49,"can't update phone number, support take forever to respond.",cant update phone number support take forever respond
genevieve abaya,5,Positive,2026-04-17 09:50:44,thank you grab company for our safe and smooth ride always. God bless us all.,thank company safe smooth ride always god bless
eiy Dh,1,Negative,2026-04-17 07:12:12,orang Yang bawa grab ni dah Kaya ke hahahah susah sgt nak dapat pemandu sekarang ni,orang yang bawa dah kaya hahahah susah sgt nak dapat pemandu sekarang
Taufiqul Islam,5,Positive,2026-04-17 01:10:01,good 👍,good
Emo Mdd,5,Positive,2026-04-17 00:39:54,Nice,nice
Prema Steven,5,Positive,2026-04-17 00:37:23,Tq grab service recenty problems has been solve immidietly,service recenty problem solve immidietly
Jose Luna,1,Negative,2026-04-17 00:11:49,"It's extremely difficult to file a support ticket due to a lack of feedback. I keep uploading a jpg file that's about 200kb but I just keep getting ""upload failed"" so now I'm unable to file my ticket.",extremely difficult file support ticket due lack feedback keep uploading jpg file thats keep getting upload failed unable file ticket
Lun huai cing,5,Positive,2026-04-17 00:02:51,♥️♥️♥️♥️♥️,
Pyae Phyozaw,5,Positive,2026-04-16 23:46:53,good,good
Jofi Dolama,5,Positive,2026-04-16 23:37:17,nice,nice
Benny Setiawan,4,Positive,2026-04-16 22:49:31,tolong ditambah opsi tol/ non tol daripada debat terus sama drivernya,tolong ditambah opsi tol non tol daripada debat terus sama drivernya
aa nans,5,Positive,2026-04-16 22:38:43,good app for Thailand,good thailand
Meng Custodio,5,Positive,2026-04-16 22:15:36,convenient,convenient
Aditya Panda,5,Positive,2026-04-16 22:10:24,"The new Group Ride feature is a total win for my wallet. Being able to share a ride with friends from different pickup points and saving up to 40% on the fare is genius—the AI handles all the routing math automatically. I also love the Grab More update; I can now add a bubble tea to my dinner order from a second shop with zero extra delivery fee. It’s finally starting to feel like the 'super-app' we were promised.""",new group ride feature total win wallet able share ride friend different pickup point saving fare geniusthe handle routing math automatically love update add bubble tea dinner order second shop zero extra delivery fee finally starting feel like superapp promised
Nicole Martin,1,Negative,2026-04-16 21:35:55,"I have tried several ways to pinpoint my exact location but there is something wrong with the map location. It is very inconvenient in a way that the drivers asked for more charge even if we provided a note regarding the address because we cannot get the exact location. Because of this, I am thinking of switching to other app for more convenience.",tried several way pinpoint exact location something wrong map location inconvenient way driver asked charge even provided note regarding address exact location thinking switching convenience
Sherilyn Villanueva,5,Positive,2026-04-16 21:20:31,very good,good
Phu Tai Huynh,1,Negative,2026-04-16 21:16:53,"À, không có gì lớn cả. Tôi chỉ nhắn là tôi xóa app. Cũng huy động người nhà xóa app chuyển qua Xanh Taxi. Tôi có quyết định này là để ủng hộ công lý cho anh tài xế Tiến Hùng. Grab cứ yên tâm là tôi sẽ kể câu chuyện của anh tài xế Tiến Hùng cho tất cả mọi người tôi quen biết. Xin chào và quyết thắng. Cho tôi gửi lời thăm nhạc sĩ Minh Khang Grab nhé. Chúc Grab sớm nhận được nhũng gì xứng đáng.",khng nhn cng huy ngi chuyn qua xanh taxi quyt cng cho anh tin hng chuyn anh tin hng cho ngi quen bit xin cho quyt thng cho thm nhc minh khang chc nhn nhng xng
sham alz,5,Positive,2026-04-16 21:16:51,love it,love
hasaidi said,5,Positive,2026-04-16 21:13:04,no idea overall perfect,idea overall perfect
Mardiana Daud,5,Positive,2026-04-16 21:04:58,alhamdulillah..harga mknan melalui grab lbh murah banding apps lain,alhamdulillahharga mknan melalui lbh murah banding apps lain
Leng Garcia,5,Positive,2026-04-16 21:01:57,good💗,good
Jim Price,5,Positive,2026-04-16 20:20:24,Very fast to come and very fast to destination.,fast come fast destination
Maznah Ahmad,5,Positive,2026-04-16 19:29:44,delicious food as always,delicious food always
Wan Fatma Azura Wan Mahamood,1,Negative,2026-04-16 19:27:16,"aplikasi ini sukar difahami, sukar utk membuat tempahan makanan terutama ketika ubah maklumat alamat.",aplikasi ini sukar difahami sukar utk membuat tempahan makanan terutama ketika ubah maklumat alamat
Hijau • Ungu,1,Negative,2026-04-16 19:26:43,BANK DAH TOLAK TAPI TOPUP TAK MASUK,bank dah tolak tapi topup tak masuk
Ronie Anoos,5,Positive,2026-04-16 19:03:08,Maayos n rider .. Thank you paps,maayos rider thank pap
Izzah Amirah,5,Positive,2026-04-16 18:54:39,"Grab ialah memudahkan saya menempah pengangkutan, penghantaran makanan, dan pelbagai perkhidmatan harian dalam satu platform. Aplikasi ini mudah digunakan serta menawarkan banyak pilihan perkhidmatan. Secara keseluruhan, Grab sangat praktikal untuk urusan harian dan perjalanan saya.",ialah memudahkan saya menempah pengangkutan penghantaran makanan dan pelbagai perkhidmatan harian dalam satu platform aplikasi ini mudah digunakan serta menawarkan banyak pilihan perkhidmatan secara keseluruhan sangat praktikal untuk urusan harian dan perjalanan saya
Haza _,5,Positive,2026-04-16 18:46:18,Met some very kind drivers while using grab^^,met kind driver using
Low Jing Yang,1,Negative,2026-04-16 18:40:04,"grab food faulty and lack of customer service and AI help bot is not helpful at all, feels like talking to a wall",food faulty lack customer service help bot helpful feel like talking wall
Rick Vest,1,Negative,2026-04-16 18:24:21,won't let use can't contact me by WhatsApp. POS app,wont let cant contact whatsapp po
Irfan Zainorden,1,Negative,2026-04-16 18:20:39,internat guna bnayk nk on grab,internat guna bnayk
Nesia C,3,Neutral,2026-04-16 17:47:58,"males nya pake grab, map nya gak update. lokasi kos gak ketemu di map grab, tapi di aplikasi sebelah ketemu aja tuh. di google map, kosnya malah udah berdiri 7 tahun lalu. sebel.",male nya pake map nya gak update lokasi ko gak ketemu map tapi aplikasi sebelah ketemu aja tuh google map kosnya malah udah berdiri tahun lalu sebel
Dilip Kumar Tharu,5,Positive,2026-04-16 17:29:23,Good 👍,good
Joey Tan,5,Positive,2026-04-16 16:54:13,very well,well
Benthon Braga,5,Positive,2026-04-16 16:15:37,good service,good service
Lincoln Tan,5,Positive,2026-04-16 15:54:35,Driver have pleasant and friendly personality,driver pleasant friendly personality
Shafiq Iqmal,3,Neutral,2026-04-16 15:51:13,"your app bugged, it said ""Driver was confirming"" but I already see in the notifications hes on his way & I dont know the plate number. I tried to cancel the driver & it didnt count, so know I get charged 3 Ringgit for the cancellation fee.",bugged said driver confirming already see notification he way dont know plate number tried cancel driver didnt count know charged ringgit cancellation fee
Café de Noelia (toku_gunner),1,Negative,2026-04-16 15:47:38,grab driver ห่วยลง เรียกแล้วยกเลิกบ่อยครั้ง ทั้งๆที่ใช้ unlimited แล้วก็ตาม,driver unlimited
Emie Sorilla,5,Positive,2026-04-16 15:38:06,very nice service,nice service
Sean Butcher,5,Positive,2026-04-16 15:01:20,great service,great service
Nur Insyirah,5,Positive,2026-04-16 13:57:12,Grab is very convenient for both transport and food delivery. Booking is quick and the app is easy to use.,convenient transport food delivery booking quick easy
david lian,5,Positive,2026-04-16 13:30:35,good,good
Zhai Marayan,5,Positive,2026-04-16 13:29:41,Best service thank you❤️,best service thank
Ajay Kumar,5,Positive,2026-04-16 13:06:45,very nice app,nice
basicness100,4,Positive,2026-04-16 12:54:14,"Generally good, but sometimes drivers accept a ride before they've dropped off the last person then they end up going further away than they were originally and quite often cancel or force people to wait longer. This can be annoying and time consuming. Still better than Ubet used to be when the driver turned up an hour late then tried to charge me for the extra hour.",generally good sometimes driver accept ride theyve dropped last person end going away originally quite often cancel force people wait longer annoying time consuming still better ubet used driver turned hour late tried charge extra hour
Diño Arriesgado,5,Positive,2026-04-16 12:44:32,nice,nice
Siti Nur Amani,2,Negative,2026-04-16 12:35:29,"Look, i like using grab. Most times it works fine. But there were like times when after I transfer money from my online banking to topup my Grab Pay Wallet the money did not appeared eventhough the bank had clearly stated that the transaction was succesful. I waited hours but my money still does not appear. Yes its RM20 but thats a lot for me ok. Please fix this issue. I find that the Help Centre doesnt help as AI Chat was used.",look like using time work fine like time transfer money online banking topup pay wallet money appeared eventhough bank clearly stated transaction succesful waited hour money still appear yes thats lot fix issue find help centre doesnt help chat used
Ed,5,Positive,2026-04-16 12:32:06,was so easy to use... Dont leave without!,easy dont leave without
Elisabet Anggraeni,5,Positive,2026-04-16 12:20:26,keep up the good work.... 💪,keep good work
Long J,5,Positive,2026-04-16 12:19:34,hi I just don't know why cannot make payment for the car ride on the app,dont know make payment car ride
Sam Simmons,5,Positive,2026-04-16 12:18:08,Works really well in Asia and it takes the hassle out of negotiating prices for taxis,work really well asia take hassle negotiating price taxi
Byash Chaudhury,5,Positive,2026-04-16 12:14:08,very fast service,fast service
Nurul Anis Bahari,5,Positive,2026-04-16 11:57:45,👍👍👍,
Satnam Singh Saini,5,Positive,2026-04-16 11:51:38,Nice,nice
Rogie Gabarda,5,Positive,2026-04-16 11:18:11,nice app,nice
darrel nash,5,Positive,2026-04-16 11:13:02,Just 👍 great. speedy safe and sound,great speedy safe sound
STANLEY TAY CHAI HOCK,5,Positive,2026-04-16 11:10:44,very good manners & helpfulness.,good manner helpfulness
Carlo Angelo Panelo,5,Positive,2026-04-16 09:38:13,"Hello, I have been a loyal Grab user, especially over the past few years. Why don't I have a loan offer even though I’ve been a Grab user for a long time and I use the app constantly? How come others who are new users already have one? Thank you :) just aking",hello loyal user especially past year dont loan offer even though ive user long time constantly come others new user already thank aking
Lisan Lim,5,Positive,2026-04-16 09:19:10,Very professional courteous careful helpful driving. Clean comfortable vehicle. Prompt punctual.,professional courteous careful helpful driving clean comfortable vehicle prompt punctual
Ihsan Ullah#3,5,Positive,2026-04-16 09:14:32,best service in food and taxi.,best service food taxi
Yoel Ivan,1,Negative,2026-04-16 08:42:57,Duped to use premium and had to pay foreign transaction fee.,duped premium pay foreign transaction fee
Ko Ro,1,Negative,2026-04-16 07:18:04,"why should I top up ""at least"" Rm 100 for use grab pay or whatever it's call. in the past, it's only ""Rm 10"". why did you increase the minimum top up huh?",top least pay whatever call past increase minimum top huh
Kevin Phillips,5,Positive,2026-04-16 07:14:44,on time and extremely pleasant.,time extremely pleasant
Denice Miracle,5,Positive,2026-04-16 06:22:23,very good service in Singapore,good service singapore
Nesar Uddin,5,Positive,2026-04-16 04:02:39,ok,
Itay Nevo,1,Negative,2026-04-16 02:12:04,last moment cancellations,last moment cancellation
Mary joy Solina,5,Positive,2026-04-16 01:57:20,good,good
Xiao Feng,5,Positive,2026-04-16 01:53:38,good response,good response
Ahmadjj Beniko,1,Negative,2026-04-16 01:19:05,"The apps suck, there's too much bug and the payment got stuck often. it's truly frustrating",apps suck there much bug payment got stuck often truly frustrating
Gustavo,2,Negative,2026-04-16 00:56:43,Only to be used as last resort. Time estimation is very inaccurate. Orders often delayed and in the event that you order for twice and is again delayed you are forced to take the order without being able to cancel.,used last resort time estimation inaccurate order often delayed event order twice delayed forced take order without able cancel
Mohammad Khuzaizi,5,Positive,2026-04-16 00:02:24,trbaikkkkkkk,trbaikkkkkkk
Vasanti Mogan,5,Positive,2026-04-15 23:46:45,good and fast service,good fast service
Ching Wai Chin,5,Positive,2026-04-15 23:24:50,good,good
Habib Khan,5,Positive,2026-04-15 23:13:07,Nice Apps,nice apps
Nur Izwandy,1,Negative,2026-04-15 23:04:32,most drivers trying their best to avoid passengers,driver trying best avoid passenger
Sudra Prabowo,5,Positive,2026-04-15 22:43:19,sukses terus grab,sukses terus
Shaoun Shaoun,3,Neutral,2026-04-15 22:27:54,very good,good
Christian Bunaidi,2,Negative,2026-04-15 22:10:44,kualitas driver menurun,kualitas driver menurun
Andrelyn Donque,5,Positive,2026-04-15 21:49:48,ang bilis po talaga🥰,ang bilis talaga
best five,5,Positive,2026-04-15 21:06:57,good,good
F41 FAI,1,Negative,2026-04-15 20:11:13,"Grabfood lebih ribet dr kurir paket, foto orang dengan makanannya. Ada yg cuma foto makanannya saja. Ada yg Non Tunai saja, kalau cash tdk perlu foto. Terlihat jelas Grab selama ini membuat aturan tanpa ada sosialisasi yang baik dan seragam.",grabfood lebih ribet kurir paket foto orang dengan makanannya ada cuma foto makanannya saja ada non tunai saja kalau cash tdk perlu foto terlihat jelas selama ini membuat aturan tanpa ada sosialisasi yang baik dan seragam
Kelvin Reyes,1,Negative,2026-04-15 20:04:10,"Apparently, a baby is included in the headcount even though she doesn’t take up a seat, which is a ridiculous policy. I’m uninstalling the app now.",apparently baby included headcount even though doesnt take seat ridiculous policy uninstalling
puput febrianto,2,Negative,2026-04-15 19:56:05,"sering ngaco, driver jauh jauh terus.",sering ngaco driver jauh jauh terus
Juwani Cinta,1,Negative,2026-04-15 19:47:16,"grab bujang aku udah bayar pakai qr duitnya malah ga masuk, sampai qrnya ganti berkali-kali duitku jadi habis bujang",bujang aku udah bayar pakai duitnya malah masuk sampai qrnya ganti berkalikali duitku jadi habis bujang
TAZ HOFMANN,5,Positive,2026-04-15 19:43:10,love i,love
Elisa Morales,5,Positive,2026-04-15 19:43:07,Very convenient nice to use grab app. Very fast deliveryman and kind.,convenient nice fast deliveryman kind
Tian Landman,1,Negative,2026-04-15 19:29:49,Crashes constantly,crash constantly
Irene Hirawan,1,Negative,2026-04-15 19:26:04,"tarif dr botani ke bnr 120 rb, trs dpt drivernya jauh, knp yg dikasih yg terdekat. Bbrp kali driver cancel krn kejauhan. Sy nunggu driver sp 15 menit",tarif botani bnr trs dpt drivernya jauh knp dikasih terdekat bbrp kali driver cancel krn kejauhan nunggu driver menit
Nur Hazirah Ramli,2,Negative,2026-04-15 19:23:01,"saye top up duit tadi dlm grab, tk masuk2 lagi.",saye top duit tadi dlm masuk lagi
Admin Babe,1,Negative,2026-04-15 18:25:19,การรันตีตรงเวลาทำไม แต่เลื่อนแล้วเลื่อนอีก เลื่อนอยู่อย่างนั้นแต่ก็ไม่ให้ยกเลิก ห่วยแตก เสียเวลาทำมาหากินมาก ๆ แทนที่จะเอาเวลาไปทำอย่างอื่น เสียเวลาไป 1 ชั่วโมงฟรี ๆ ต้องมาลุ้นว่าจะมีคนรับงานทับไหม ทำลายวันดี ๆ สุด ๆ,
Owais AL-Hattami,5,Positive,2026-04-15 18:19:47,great,great
YVETTE POLINAR,5,Positive,2026-04-15 18:02:36,very easy and fast delivery 🥰🥰🥰,easy fast delivery
Darwin Tubal,4,Positive,2026-04-15 17:47:49,ok,
Yam Boi,5,Positive,2026-04-15 17:36:22,cool,cool
Fatimah Amat,5,Positive,2026-04-15 17:11:09,mantap,mantap
vikash Kumar,5,Positive,2026-04-15 16:26:37,wow super app,wow super
wan zanatiah mohd mustapha,4,Positive,2026-04-15 16:24:56,service Dan charge BAGUS..thank you,service dan charge bagusthank
Tom T,3,Neutral,2026-04-15 15:50:21,"Grab has a resource problem. They always increase the delivery time after first confirmation, significantly. That's not ok. Otherwise, spotless.",resource problem always increase delivery time first confirmation significantly thats otherwise spotless
Jay Bahari,5,Positive,2026-04-15 15:48:54,"I thought I've lost the cash payment that I forgot to collect from pax (14/04) b'cos he's a foreigner & drop off was at airport T2 flying back to his home country. I immediately called Grab rental (Earl) about my problem, she assured me that she will relate the matter to the proper team to deal with the matter. And today, I received email from Grab team (Isha) that the cash payment already collected & deposited into my cash wallet. Thanks guys, for the prompt action. Keep up the good work. 👍",thought ive lost cash payment forgot collect pax bcos he foreigner drop airport flying back home country immediately called rental earl problem assured relate matter proper team deal matter today received email team isha cash payment already collected deposited cash wallet thanks guy prompt action keep good work
Mini Me,1,Negative,2026-04-15 15:42:55,ugh!! Indonesia grab likes to cancel orders!!!,ugh indonesia like cancel order
A Google user,5,Positive,2026-04-15 15:33:17,great help from all of you guys at grab,great help guy
Mohd Rosdi “didi8857” Abd Wahab,3,Neutral,2026-04-15 15:16:02,good,good
Marie Abigail Cabanglan,5,Positive,2026-04-15 14:07:47,"This ""everyday app"" model reduces friction for users who can manage multiple daily needs—from commuting to paying bills—without switching applications.",everyday model reduces friction user manage multiple daily needsfrom commuting paying billswithout switching application
Cris Lorenz Miranda,5,Positive,2026-04-15 13:44:23,10star,star
Anh Le,4,Positive,2026-04-15 13:26:18,"Đặt xe ngày càng chậm, không có xe, tài xế thì than phiền là không có cuốc xe. Quảng cáo quá nhiều.",ngy cng chm khng phin khng cuc qung nhiu
Kulotskie Cambel,5,Positive,2026-04-15 13:23:50,nice,nice
saiful azizi Arifin,5,Positive,2026-04-15 13:18:26,"I rely on Grab for pretty much everything! The rides feel safe and are always easy to book, and the cashless payment makes life so much simpler. Having transport and food delivery in one app is a huge win. If you’re looking for a smooth, all-in-one experience, this is it.",rely pretty much everything ride feel safe always easy book cashless payment make life much simpler transport food delivery huge win youre looking smooth allinone experience
Jesusa Ebron,5,Positive,2026-04-15 12:51:28,respectful,respectful
Maciste Hipe,1,Negative,2026-04-15 12:48:37,Panget ung confirming driver...madalas ung nag cacancel ng booking,panget ung confirming drivermadalas ung nag cacancel booking
wooxianz,2,Negative,2026-04-15 12:41:10,drivers only care to pick u up if the fares are high. once its at a low price? say goodbye they wont bat an eye at you. worst even if u do pay for the high fare.. they still come at a slow pace often times stopping some where first before picking you up. It takes them almost 20 mins for them to pick me up.. when my whole travel distance is only 10 mins🙄,driver care pick fare high low price say goodbye wont bat eye worst even pay high fare still come slow pace often time stopping first picking take almost min pick whole travel distance min
Albert Anthonysamy,5,Positive,2026-04-15 12:34:38,Great job 👍,great job
Gita,1,Negative,2026-04-15 12:05:36,"Selama ini saya pakai dengan nyaman, beli makan, bepergian. Tapi barusan dapet pengalaman yang bikin kapok banget. Lagi demam sendirian di kamar mau pesen makan lewat Grab, udah dipesan, eh baru sadar alamatnya disetting jauh banget, ke tempat yang ga pernah saya masukin ke saved address. Mana gak bisa diganti pula, AI Bot-nya gak membantu sama sekali. bikin kerjaan orang sakit aja",selama ini saya pakai dengan nyaman beli makan bepergian tapi barusan dapet pengalaman yang bikin kapok banget lagi demam sendirian kamar mau pesen makan lewat udah dipesan baru sadar alamatnya disetting jauh banget tempat yang pernah saya masukin saved address mana gak bisa diganti pula botnya gak membantu sama sekali bikin kerjaan orang sakit aja
Aiven Samonte,3,Neutral,2026-04-15 12:02:19,"HELLO PO""MAM,SIR""ASK KOLANG PO YUNG ACCOUNT KOPO KAY ""GRAB""BAKA NAMAN PO PWEDE NINYO AKO BIGYAN NG PAGKAKATAON PARA MAKAPAG SERBISYO ULI KAY ""GRAB""KUNG ANO MAN PO SANA ANG MGA ""PAGKUKULANG KOPO NOON SANA AY MABIGYAN NINYO""AKO NG PAGKAKATAON ULI NA MAKABIYAHE ""SANA PO AY MAUNAWAAN NINYO PO AKO""MARAMING SALAMAT PO ""THIS COMING""FRIDAY AY ""GUSTO KO PO SANANG MAG REPORT""SALAMAT PO"" GUMAGALANG"" MR.AIVEN V.SAMONTE""",hello pomamsirask kolang yung account kopo kay grabbaka naman pwede ninyo ako bigyan pagkakataon para makapag serbisyo uli kay grabkung ano man sana ang mga pagkukulang kopo noon sana mabigyan ninyoako pagkakataon uli makabiyahe sana maunawaan ninyo akomaraming salamat comingfriday gusto sanang mag reportsalamat gumagalang mraiven vsamonte
Kgn Kgn1234,5,Positive,2026-04-15 11:41:03,Good 👍,good
Necitas Pantua,5,Positive,2026-04-15 11:28:09,reliable,reliable
Lizyl Lapesigue,3,Neutral,2026-04-15 11:11:13,medyo mahal nga lang,medyo mahal nga lang
Mq Foxtroit,1,Negative,2026-04-15 10:08:52,"your pin setup is TRASH. I kept putting my new pin but your app keeps failing, now I can't use a grab because it DON'T HAVE A LATER BUTTON",pin setup trash kept putting new pin keep failing cant dont later button
Ryan Fernandez,5,Positive,2026-04-15 09:56:13,Good service,good service
Julius Muñez,5,Positive,2026-04-15 08:26:07,good,good
Liezel Anne Peteros,1,Negative,2026-04-15 08:08:57,"Nakakairita po mga driver niyo. Ang mahal ng fee para sa less than 5kms tapos ayaw pang magaccept ng ride? Nakita naman na laboratory and destination, may hinahabol na oras. Kung ayaw nila ng rate, magresign na lang ho sila, x4 na rate ayaw pa.",nakakairita mga driver niyo ang mahal fee para less km tapos ayaw pang magaccept ride nakita naman laboratory destination may hinahabol oras kung ayaw nila rate magresign lang sila rate ayaw
Kristoff,1,Negative,2026-04-15 07:50:50,"has been using this less frequently. there are now fewer drivers around (transport), and more expensive delivery fee (food)",using less frequently fewer driver around transport expensive delivery fee food
Eki Nurmansyah,5,Positive,2026-04-15 07:42:19,keren,keren
Nualeina Lilypinaat,5,Positive,2026-04-15 07:28:05,this apps really helpful for me when i really lazy to drive my car also lazy to cook,apps really helpful really lazy drive car lazy cook
Khairie asyraf,5,Positive,2026-04-15 02:34:49,Convenient for rides and food delivery.,convenient ride food delivery
Ayoi 5755,5,Positive,2026-04-15 02:04:19,good 👍,good
Ttjetu Dgfhetbar,1,Negative,2026-04-15 01:55:36,okay,okay
Riszman Raimy,3,Neutral,2026-04-15 01:35:34,too expensive,expensive
Mark Anthony Cator,5,Positive,2026-04-15 01:13:00,"bawiin ko tong 5 star sa Oras na mag ka problema ako Dito pero dahil 1st time ko gamitin to, nagustuhan konaman. madali din syang gamitin",bawiin tong star oras mag problema ako dito pero dahil time gamitin nagustuhan konaman madali din syang gamitin
Evelyn Bioco,5,Positive,2026-04-15 01:12:05,amazing,amazing
Mort,1,Negative,2026-04-15 01:10:57,"Jam 1 malam waktu Bali, pesan Nasi Padang Simpang Ampek Teuku Umar dari Imam Bonjol. Kalau nyetir motor sendiri cuma 5 menit. Pake GrabFood tercepat, 52 menit, sedangkan GoFood tercepat cuma 20 menit. Arti nya, driver Grabs pada malas-malas dan lamban.",jam malam waktu bali pesan nasi padang simpang ampek teuku umar dari imam bonjol kalau nyetir motor sendiri cuma menit pake grabfood tercepat menit sedangkan gofood tercepat cuma menit arti nya driver grab pada malasmalas dan lamban
Faruq Faruq,5,Positive,2026-04-15 00:18:48,Okay,okay
Soy Monkey,5,Positive,2026-04-15 00:06:29,nice,nice
RAA,1,Negative,2026-04-15 00:02:40,"Berkali2 pemesanan lokasi nya bergeser dari lokasi semestinya. Biasanya setiap pesan lgsg pake lokasi sesuai save place yg sesuai lokasi sy nya tapi ini berkali2 pemesanan tiba2 lokasinya geser 5 - 10 km ato ke lokasi sebelumnya yg ga sesuai dgn titik sy. Iya sy pun salah ga cek lg, cuman biasanya grab ga pernah gini. Mudah2an bisa diperbaiki masalah ini. Rugi berkali grab food. Help centre nya jg gaada solusi, ga jelas mungkin kurang paham maksudnya.",berkali pemesanan lokasi nya bergeser dari lokasi semestinya biasanya setiap pesan lgsg pake lokasi sesuai save place sesuai lokasi nya tapi ini berkali pemesanan tiba lokasinya geser ato lokasi sebelumnya sesuai dgn titik iya pun salah cek cuman biasanya pernah gini mudahan bisa diperbaiki masalah ini rugi berkali food help centre nya gaada solusi jelas mungkin kurang paham maksudnya
ezma fasham,1,Negative,2026-04-14 23:13:19,grab food is very terrible. very difficult to pin the exact location for delivery.,food terrible difficult pin exact location delivery
Huat Gan,5,Positive,2026-04-14 22:12:46,good 👍 blessed,good blessed
jeyakanthan jkm,5,Positive,2026-04-14 22:11:03,highly recommended,highly recommended
S K,5,Positive,2026-04-14 21:49:22,"easy to use, precise, fast and excellent! driver was great! food was good and still hot too.",easy precise fast excellent driver great food good still hot
Iman Encem,1,Negative,2026-04-14 21:37:30,"eh sial penat² aku add to cart kira sume last"" tkle terima cash",sial penat aku add cart kira sume last tkle terima cash
Ben Yoong,1,Negative,2026-04-14 21:18:44,They cancel your orders because they have not enough riders and their system had no customer service number to call. All that is available is an A.I. Bot chat that cannot understand customer situation,cancel order enough rider system customer service number call available bot chat understand customer situation
maher daood,1,Negative,2026-04-14 20:51:46,"Very bad experience with GrabFood , My order was marked “Delivered” but I received nothing — no call, no way to contact the rider. I had to order again (RM61) just to eat. Later, the rider showed up with zero communication, leaving me with two orders. Support treated it as a delay and offered only RM5!! Be careful — the app may mark orders as delivered even if you didn’t receive anything. Unreliable service and poor complaint handling.",bad experience grabfood order marked delivered received nothing call way contact rider order eat later rider showed zero communication leaving two order support treated delay offered careful may mark order delivered even didnt receive anything unreliable service poor complaint handling
Maxwell Hancock,5,Positive,2026-04-14 20:08:39,works everytime,work everytime
Maybel,1,Negative,2026-04-14 19:32:37,"Ang hirap i contact yung customer service niyo, ilang araw everyday ako nag e-email. nag cha-chat pero wala paring update. Grabe",ang hirap contact yung customer service niyo ilang araw everyday ako nag eemail nag chachat pero wala paring update grabe
Boni Islam,5,Positive,2026-04-14 19:16:22,very good,good
Manisa Mansor,5,Positive,2026-04-14 18:54:42,I have being using Grab a lot and it is very helpful for me to go to new place that I have not familiar with the road. It is a safe apps to use and its so haven when some one can drive you around.,using lot helpful new place familiar road safe apps drive around
Hoerunnisa,3,Neutral,2026-04-14 18:21:22,"Ga suka sama drivernya, setiap hujan susah dapet driver buat pulang pergi kemanapun. Sekalinya dapet, eh langsung di cancel karena jauh tempuh jaraknya",suka sama drivernya setiap hujan susah dapet driver buat pulang pergi kemanapun sekalinya dapet langsung cancel karena jauh tempuh jaraknya
raindop bravo,1,Negative,2026-04-14 18:20:08,sampah kali sinyalnya padahal di kota bekasi,sampah kali sinyalnya padahal kota bekasi
hasbullah dikwa,5,Positive,2026-04-14 18:12:04,ok,
Zi Kun Lim,4,Positive,2026-04-14 18:08:31,Pls improve on the $ holding feature. the bank holds my $ for more than 2 weeks whenever the car ride cannot find driver... it adds up to alot,pls improve holding feature bank hold week whenever car ride find driver add alot
movin Nook,5,Positive,2026-04-14 18:04:10,so goos,goo
Alfie Alamin,5,Positive,2026-04-14 17:34:45,ok,
nur anusha,5,Positive,2026-04-14 17:29:38,😊,
Abg Maneh,5,Positive,2026-04-14 17:04:04,good,good
JoseDandy DelaCruz jr.,5,Positive,2026-04-14 16:29:07,awesome,awesome
Coleen Casanova,1,Negative,2026-04-14 15:49:21,Ordered at standard delivery. I made the order at exactly 3:01pm with the estimated time to arrive after 20-30min but the estimated time of arrival is 3:55pm? At this point I'm way past hunger already. My appetite is GONE. This is beyond delayed.,ordered standard delivery made order exactly estimated time arrive min estimated time arrival point way past hunger already appetite gone beyond delayed
Nur Izzah,5,Positive,2026-04-14 15:45:43,good and I love it,good love
Swkswk,5,Positive,2026-04-14 15:44:03,good,good
Annette Urquiola,5,Positive,2026-04-14 14:27:40,How can I add the Pwd of my grandson?,add pwd grandson
Allen Lau,1,Negative,2026-04-14 13:57:41,"racist drivers, even made it to the news",racist driver even made news
Pete,5,Positive,2026-04-14 13:35:41,The ride and driver came fully up to what was expected. The same cannot be said for your survey as the post button is beneath the onscreen keyboard.,ride driver came fully expected said survey post button beneath onscreen keyboard
Motaz Salh,5,Positive,2026-04-14 13:34:28,"I used the Grab app in Bangkok, and my experience was very excellent 👌 The app is easy to use, and booking a ride is quick and simple. The drivers are respectful, the cars are clean and comfortable, and they arrive on time. Also, the prices are clear in the app with no surprises. Honestly, it made getting around much easier, especially in a new country. I highly recommend it 👍",used bangkok experience excellent easy booking ride quick simple driver respectful car clean comfortable arrive time price clear surprise honestly made getting around much easier especially new country highly recommend
Khaled Youssef,1,Negative,2026-04-14 13:10:30,I think it's the worst service ever.,think worst service ever
Reafika Azkiya,1,Negative,2026-04-14 13:03:35,kenapa kalau pesen drivernya gamau nerima mulu ga ramah cuh,kenapa kalau pesen drivernya gamau nerima mulu ramah cuh
Luqman Abdullah,5,Positive,2026-04-14 12:44:38,Good,good
Nasir Solanki,5,Positive,2026-04-14 12:14:30,good app,good
wtun win,5,Positive,2026-04-14 12:08:14,good job,good job
Robiul Islam,5,Positive,2026-04-14 12:07:11,good,good
Maria Iquin,5,Positive,2026-04-14 11:36:13,excellent,excellent
Kenny Ang,5,Positive,2026-04-14 11:25:06,soo good,soo good
rashidah wahmin,5,Positive,2026-04-14 11:12:36,comfortable and happy,comfortable happy
Juroo V,1,Negative,2026-04-14 11:08:05,"nunggu driver lama banget, sekali dapat yg jaraknya jauh dr titik jemput",nunggu driver lama banget sekali dapat jaraknya jauh titik jemput
Nico Levianth,1,Negative,2026-04-14 10:21:19,"Kêu xác minh bằng khuôn mặt xong chưa kịp chỉnh góc chụp với ánh sáng thì nó đã All done luôn xong báo không thể nhận diện khuôn mặt, rồi cứ như thế 3 lần liên tiếp là nó khóa luôn tính năng thanh toán không dùng tiền mặt 🤩🤩🤩 chưa thấy app nào tuyệt vời như app này",minh bng khun xong cha chnh chp sng done lun xong khng nhn din khun lin tip kha lun tnh nng thanh ton khng dng tin cha thy tuyt
Amln,1,Negative,2026-04-14 09:36:26,"""secure your account"" more like ""taking your money hostage. Here's some error for authentication.""",secure account like taking money hostage here error authentication
Euphemia Gnash,1,Negative,2026-04-14 09:36:19,don't install you'll spend 30 minutes on captcha ALONE plus they don't send OTPs,dont install youll spend minute captcha alone plus dont send otps
Laylatul Muflihah,1,Negative,2026-04-14 09:26:41,"drivernya ga ada attitude semua rata rataa, udh ketemu tapi Meleng aja ga digubris trus abis itu di cancel",drivernya ada attitude semua rata rataa udh ketemu tapi meleng aja digubris trus abis itu cancel
Lelouchi,1,Negative,2026-04-14 09:24:49,custom tip doesn't work,custom tip doesnt work
Emir Faris,5,Positive,2026-04-14 08:57:19,good apps for everything👍🏻,good apps everything
Harpreet Hans,5,Positive,2026-04-14 08:42:56,very very good,good
lioni fransiska,1,Negative,2026-04-14 08:37:01,gak suka banget kalo dikasih driver yang JAUH BANGET harus nunggu lama,gak suka banget kalo dikasih driver yang jauh banget harus nunggu lama
Anya Malinao,5,Positive,2026-04-14 08:35:00,okay,okay
Putri Zahra Nurintan,3,Neutral,2026-04-14 07:11:24,"Aneh ih sistemnya, tolong dong kalo udah bawa 1 penumpang, jangan bawa lagi, mana rutenya bolak balik, kasian drivernya. Sama jangan pilih driver yg jauh jauh dong, aku udah komplen driver is too far masih aja dikasih yang lebih jauh, gajelas.",aneh sistemnya tolong dong kalo udah bawa penumpang jangan bawa lagi mana rutenya bolak balik kasian drivernya sama jangan pilih driver jauh jauh dong aku udah komplen driver far masih aja dikasih yang lebih jauh gajelas
George,1,Negative,2026-04-14 06:47:40,Picky drivers. Last minute cancelations. Grab doesnt care anymore about their customers.,picky driver last minute cancelations doesnt care anymore customer
Yee Keat Lee,1,Negative,2026-04-14 02:12:53,FORCES US TO PAY WITH GRAB WALLET TOP-UP & drivers picked up immediately ONLY AFTER THE PRICE RAISES MORE THAN 2X,force pay wallet topup driver picked immediately price raise
Salim Shaikh,5,Positive,2026-04-14 00:26:26,v good service,good service
Jhen Nicolas,5,Positive,2026-04-13 23:29:24,taste10/10 highly recommend,taste highly recommend
Yuki Mizushima,1,Negative,2026-04-13 22:34:55,driver behavior getting terrible. cancels to intentionally hike up the fare then when i cancel the app wants me to pay additional fee for cancellation? GRAB WAS BETTER BEFORE BUT NOW IT'S JUST A SCAM and Unfair to paying passengers. i already escalated one of the issues about a scamming driver via email but there was no solution.,driver behavior getting terrible cancel intentionally hike fare cancel want pay additional fee cancellation better scam unfair paying passenger already escalated issue scamming driver via email solution
Alton Aguilar,1,Negative,2026-04-13 22:27:05,cant find rider from the start using this app,cant find rider start using
Saiful Hasmi,5,Positive,2026-04-13 22:19:24,memudahkan,memudahkan
Online Omni,1,Negative,2026-04-13 22:16:24,Saya pesan grab nisan livina q.5 dengan nomor polisi L1636 WV. DRIVER INJ TIDAK SOPAN DAN BERKATA KATA KASAR. ITU TERJADI KETIKA SAYA MENELEPON. DRIVER INI BERKATA EMANG ENAK KALAU DI TELEPON TIDAK DIANGKAT. SETELAH ITU TELEPON SAYA DIMATIKAN DAN PESANAN SAYA DIBATALKAN. TOLING PIHAK GRAB AJARKAN SOPAN SANTUN KEPADA MITRANYA. APA TIDAK PUNYA EMPATI KETIKA PELANGGANNYA SEDANG BERUSAHA TELEPON KARENA SINYAL KURANG LANCAR. TETAPI JAWABAN DRIVER SANGAT TIDAK SOPAN DAN TIDAK MAU BERTANYA BAIK BAIK,saya pesan nisan livina dengan nomor polisi driver inj tidak sopan dan berkata kata kasar itu terjadi ketika saya menelepon driver ini berkata emang enak kalau telepon tidak diangkat setelah itu telepon saya dimatikan dan pesanan saya dibatalkan toling pihak ajarkan sopan santun kepada mitranya apa tidak punya empati ketika pelanggannya sedang berusaha telepon karena sinyal kurang lancar tetapi jawaban driver sangat tidak sopan dan tidak mau bertanya baik baik
Muhammad Hilmy,1,Negative,2026-04-13 22:14:13,"too much drain internet speed for running in background, after i restrict grab for running in. background, the internet speed is back as normal. wth is going on there tho?",much drain internet speed running background restrict running background internet speed back normal wth going tho
Ilham Maulana,5,Positive,2026-04-13 21:03:37,good,good
Alysa Adriana,1,Negative,2026-04-13 20:50:50,"AI shitdump marketing. the ads on YouTube and TikTok for Grab is so disgusting and repulsive my appetite gone whenever it was up on the screen. one would think a multibillionaire company would have enough budget for ads on biggest video streaming platforms, tiktok and YouTube. what a cheapskate. that's why no one use you anymore",shitdump marketing ad youtube tiktok disgusting repulsive appetite gone whenever screen think multibillionaire company enough budget ad biggest video streaming platform tiktok youtube cheapskate thats anymore
R Chandra,1,Negative,2026-04-13 20:47:07,Very substandard app with cumbersome software. It doesn't provide relevant options to deal with any difficult situation. Customer service doesn't exist.,substandard cumbersome software doesnt provide relevant option deal difficult situation customer service doesnt exist
Felicia Tang,2,Negative,2026-04-13 20:46:54,takes too long,take long
Ramon Del Rosario,5,Positive,2026-04-13 20:39:58,👍,
Catherine Otieno,5,Positive,2026-04-13 20:31:07,"Grab is very convenient for transport and food delivery. It’s reliable, easy to use, and makes daily life much smoother. I appreciate how quickly I can get services whenever I need them.",convenient transport food delivery reliable easy make daily life much smoother appreciate quickly service whenever need
Brian Evans,5,Positive,2026-04-13 19:50:05,"thanks, you helped so much!",thanks helped much
Gordy Thomas,1,Negative,2026-04-13 19:07:21,"HOLDING MONEY AFTER MERCHANT CANCELLATION - In GRAB MART - I'm using my normal Agribank ATM card when purchasing. Usually no problem. HOWEVER, when the merchant cancels the order, the total amount charged is still held ""for 3 to 7 days"", although in my experience with GO! Store it took two weeks to get my refund. Now today, Mega Market canceled an order and I got the same ""3 to 7 days"" warning about a refund. TERRIBLE WAY TO DO BUSINESS",holding money merchant cancellation mart using normal agribank atm card purchasing usually problem however merchant cancel order total amount charged still held day although experience store took two week refund today mega market canceled order got day warning refund terrible way business
Mega Cloudy,4,Positive,2026-04-13 19:02:56,halo. tidak semua pengemudi. terkadang saya mendapatkan pengemudi grabbike yang membatalkan pemesanan saat sudah berada di titik penjemputan. tepat didepan mata saya. pengemudi berlalu sambil mengcancel pesanan. saya tidak masalah pencancelan tapi harusnya di batalkan saat mereka menerima pesanan. bukan sudah sampai tujuan. kan membuang waktu saya menunggu.,halo tidak semua pengemudi terkadang saya mendapatkan pengemudi grabbike yang membatalkan pemesanan saat sudah berada titik penjemputan tepat didepan mata saya pengemudi berlalu sambil mengcancel pesanan saya tidak masalah pencancelan tapi harusnya batalkan saat mereka menerima pesanan bukan sudah sampai tujuan kan membuang waktu saya menunggu
Lee Hani,1,Negative,2026-04-13 18:56:35,"changed my saved addresss, driver charged me extra for the hassle. thanks for nothing stupid app",changed saved address driver charged extra hassle thanks nothing stupid
Siti Manisah,5,Positive,2026-04-13 18:45:47,terbaik,terbaik
Maryrose Flores,5,Positive,2026-04-13 18:44:55,Mabilis dumating ang deliver thank you Grab.,mabilis dumating ang deliver thank
Candy,1,Negative,2026-04-13 18:28:09,grab gak ngotak sudah paksa langganan sekarang hilang sendiri 40%nya baru sore jam 5 doang kemana vouchernya??? beda kalau sebelah pagi-malam bahkan 24jam voucher 50% selalu ready hanya 10ribuan lagi 3bulan paketnya.,gak ngotak sudah paksa langganan sekarang hilang sendiri nya baru sore jam doang kemana vouchernya beda kalau sebelah pagimalam bahkan jam voucher selalu ready hanya ribuan lagi bulan paketnya
Vijayaletchumy Arumugam,5,Positive,2026-04-13 17:52:42,"Fast and smooth delivery! The Grab rider was very friendly, polite, and handled the food with care. Truly appreciated the great service—made my day better. Highly recommended!",fast smooth delivery rider friendly polite handled food care truly appreciated great servicemade day better highly recommended
Adik Humaid,5,Positive,2026-04-13 17:20:17,"Anywhere, anytime grab!",anywhere anytime
Braian Morales,1,Negative,2026-04-13 17:14:35,"the app is not working as of today April 13, 2026",working today april
Ngo Che,1,Negative,2026-04-13 17:05:10,"i use grab in thailand, booking a transport for friends, and the driver ask for cash for a cashless ride. I REPORT TO GRAB BUT THEY REPLY ME TO FILE THE DRIVER TO LOCAL POLICE WITHOUT SOLVING MY ISSUE. VERY VERY VERY UN PROFFESIONAL AND NO CUSTOMER PROTECTION. DONT USE THIS APP FURTHER! THEY TAKING SIDE WITH THIEF!! i have all related screenshot as prove! taking side on thief and scam foreigner!!",thailand booking transport friend driver ask cash cashless ride report reply file driver local police without solving issue proffesional customer protection dont taking side thief related screenshot prove taking side thief scam foreigner
Júnis El Hassan,2,Negative,2026-04-13 16:51:20,"I don't think I have ever hated any app as much as this one. While the rides part works well, the food section is one big nightmare. I tried to order food 3 times during my stay in Singapore and every single order had an issue. On 1st delivery I received only 1/3 of the order, the 2nd delivery took like 30 minutes to even place the order because of app bugs, unhelpful AI chatbot and faulty help center. The 3rd order was not even completed because Grab allegedly wanted to protect me. Ridiculous..",dont think ever hated much ride part work well food section big nightmare tried order food time stay singapore every single order issue delivery received order delivery took like minute even place order bug unhelpful chatbot faulty help center order even completed allegedly wanted protect ridiculous
Krisrine Padua,4,Positive,2026-04-13 16:25:33,Nice,nice
LOGHA DEVAN,5,Positive,2026-04-13 16:17:08,like +5,like
Mya Thiri Lwin,5,Positive,2026-04-13 16:12:19,good,good
Andy eun,3,Neutral,2026-04-13 16:08:33,Ride was less than $1 but it charges $1. Happened on every trip.,ride less charge happened every trip
dyaaa,5,Positive,2026-04-13 15:56:11,"suka aplikasi grab ni sbb memudahkan saya membuat pesanan makanan tanpa perlu sy keluar, selain dr itu ad perkhidmatan ehailing juga, jdi ketika saya tidak ad kenderaan sy akan order kereta sewa dari grab , harga jugal berbaloi, driver juga baik Dan peramah",suka aplikasi sbb memudahkan saya membuat pesanan makanan tanpa perlu keluar selain itu perkhidmatan ehailing juga jdi ketika saya tidak kenderaan akan order kereta sewa dari harga jugal berbaloi driver juga baik dan peramah
Arief Rakhmani,1,Negative,2026-04-13 15:45:43,"kurangin lah notifikasi iklannya, agen delivery apa agen iklan sih",kurangin lah notifikasi iklannya agen delivery apa agen iklan sih
Nasarudin Selamat Jb,5,Positive,2026-04-13 15:10:22,pemandu ini baik dan berhemah,pemandu ini baik dan berhemah
Omar-Nageeb,5,Positive,2026-04-13 14:51:02,Great App,great
Forhadul Islam,5,Positive,2026-04-13 14:50:29,Good,good
Toàn Nguyễn,1,Negative,2026-04-13 14:27:30,"Bắt buộc người dùng cung cấp thông tin, hình ảnh cá nhân mới cho sử dụng",buc ngi dng cung thng tin hnh nhn cho dng
John Will Bonagua,1,Negative,2026-04-13 14:14:23,UI bad/difficult for oldies,baddifficult oldie
mg aung,5,Positive,2026-04-13 14:13:54,ok,
Joan Ao-asen,4,Positive,2026-04-13 14:06:28,ok,
Lawontharthar Lawontharthar,2,Negative,2026-04-13 13:59:27,Lee လိုပဲ order တင်ဆိုင်းလာပို့လို့မရဘူး,lee order
Zune Phooe Wai,5,Positive,2026-04-13 13:42:42,a good 👍🏻,good
Samsul Suy,5,Positive,2026-04-13 13:34:49,Service nice,service nice
Nur Alyani Mohamed Daud,5,Positive,2026-04-13 13:09:27,"Grab makes daily life easier with its all-in-one services, including transportation and food delivery. It’s user-friendly, reliable, and",make daily life easier allinone service including transportation food delivery userfriendly reliable
Ironmean Lol,1,Negative,2026-04-13 12:54:57,"everyday coffee have a bug always pickup, as drivers are busy. fix it pls",everyday coffee bug always pickup driver busy fix pls
Suzilawatiibrahim Suzilawatiibrahim,5,Positive,2026-04-13 12:53:45,👍🏻👍🏻👍🏻👍🏻👍🏻,
amira harif,5,Positive,2026-04-13 12:49:17,👍🏻,
Luciana Mayasari,1,Negative,2026-04-13 12:41:16,"the app often having a bug and crash event though the signal is very good , i often order ride or car got the driver and then no response at all no pick up call no reply message and confirmation that ends up i have to cancel after waiting for a long time due to no confirming from the driver , the gps is really bad roo now it is not so good as the old days",often bug crash event though signal good often order ride car got driver response pick call reply message confirmation end cancel waiting long time due confirming driver gps really bad roo good old day
Jackpot Ninja,1,Negative,2026-04-13 12:32:31,"I tried to book a ride in advanced for 4 hours later. As soon as I booked it immediately was looking for a ride for me. So I had to immediately cancel the booking! However, they instantly debited my card without even having a ride! Now they're talking about 3-5 business days before I get back my funds!! You're not supposed to take out the funds yet until I complete my ride! That's why you have my credit card information to begin with! You guys take our money faster than giving it back! Fix it!",tried book ride advanced hour later soon booked immediately looking ride immediately cancel booking however instantly debited card without even ride theyre talking business day back fund youre supposed take fund yet complete ride thats credit card information begin guy take money faster giving back fix
Aryo Yudhanto,5,Positive,2026-04-13 12:30:33,aplikasi yg sangat bermanfaat,aplikasi sangat bermanfaat
Saroja Kumaran,5,Positive,2026-04-13 12:06:20,very faster,faster
Sukumaran Subramaniam,5,Positive,2026-04-13 11:53:32,good service,good service
Nurulz Aida,5,Positive,2026-04-13 11:46:58,soooo gooooood,soooo gooooood
Allan Noble,4,Positive,2026-04-13 11:35:38,app is OK - pick up map accuracy was a little off,pick map accuracy little
Khairul Fikry,5,Positive,2026-04-13 11:17:47,ok,
Dave Cowin,5,Positive,2026-04-13 11:16:25,"best driver we could have had many mamy thanks ,super ride",best driver many mamy thanks super ride
Daniel De Guzman,5,Positive,2026-04-13 11:11:41,Very handy for Asia,handy asia
Ilia Baryshnikov,2,Negative,2026-04-13 11:08:16,uses your camera and mic during a ride to spy on you,us camera mic ride spy
Ms. Keriting,1,Negative,2026-04-13 09:59:56,slow respon,slow respon
firdaus hakimi,5,Positive,2026-04-13 09:12:49,best.,best
Pasti Ph,1,Negative,2026-04-13 08:58:09,"They LIE about delivery fee. ""64 peso, discount to 15"" both are a lie: the actual price is 94. this is CONFUSING because then I chose a McDonald's over the river instead of the nearest one.",lie delivery fee peso discount lie actual price confusing chose mcdonalds river instead nearest
onixa shafa,3,Neutral,2026-04-13 08:50:56,"Sering kali, driver sangat lama saat membatalkan pesanan, bisa lebih dari 5 menit, padahal saya sedang terburu-buru. Sementara itu, posisi driver juga tidak bergerak sehingga waktu saya terbuang. Selain itu, kenapa pengguna tidak bisa membatalkan pesanan dari aplikasi?. Sebaiknya disediakan opsi cancel dengan berbagai pilihan alasan yang lebih lengkap serta fitur lampiran screenshot dari pengguna sebagai bukti konkret kenapa pengguna ingin cancel. Ini akan sangat membantu saat terjadi masalah.",sering kali driver sangat lama saat membatalkan pesanan bisa lebih dari menit padahal saya sedang terburuburu sementara itu posisi driver juga tidak bergerak sehingga waktu saya terbuang selain itu kenapa pengguna tidak bisa membatalkan pesanan dari aplikasi sebaiknya disediakan opsi cancel dengan berbagai pilihan alasan yang lebih lengkap serta fitur lampiran screenshot dari pengguna sebagai bukti konkret kenapa pengguna ingin cancel ini akan sangat membantu saat terjadi masalah
Grim Reaper,4,Positive,2026-04-13 08:41:45,High fare is not worth it!,high fare worth
Van Chromz,1,Negative,2026-04-13 08:39:45,"GRAB SEPERTINYA TIDAK PERNAH TRAINING MITRA TERKAIT ETIKA, HABIS DAFTAR LANGSUNG DISURUH JALAN MESIN DUIT. YANG DRIVER CURHAT LAH, TIDAK RESPON SAAT DIHUBUNGI, TIDAK MAU CANCEL WALAUPUN SDH DI KIRIM PESAN ATAU COBA DITELPON KARENA TIDAK GERAK/DATANG, SELALU NGOBROL PADAHAL PENUMPANG TIDAK MOOD. MAKIN KESINI KALIAN MAKIN PARAH, KALIAN LEBIH COCOKNYA JADI PERUSAHAAN ANGKOT ONLINE.",sepertinya tidak pernah training mitra terkait etika habis daftar langsung disuruh jalan mesin duit yang driver curhat lah tidak respon saat dihubungi tidak mau cancel walaupun sdh kirim pesan atau coba ditelpon karena tidak gerakdatang selalu ngobrol padahal penumpang tidak mood makin kesini kalian makin parah kalian lebih cocoknya jadi perusahaan angkot online
Christian Galenzoga,5,Positive,2026-04-13 08:05:33,fast and secured,fast secured
jonalyn refran,5,Positive,2026-04-13 07:52:32,useful,useful
Shahrizal Aris Shahul Hamid,3,Neutral,2026-04-13 07:43:22,"going to hospital, emergency.. and the app gives my booking to a driver who is 15minutes away instead of the usual 5-7 minutes away which i usually book for my appointments.. please make it so that any rides to hospital emergency gets the closest driver.. thankyou..",going hospital emergency give booking driver minute away instead usual minute away usually book appointment make ride hospital emergency get closest driver thankyou
J,3,Neutral,2026-04-13 07:37:39,too much ads for a paid service,much ad paid service
M. Arfan,3,Neutral,2026-04-13 07:25:27,"opsi goride selalu kurang jelas, setiap kali saya sedang buru-buru ada driver yang dekat malah dicarikan driver yang jauh, sehingga menghabiskan waktu hanya untuk menunggu",opsi goride selalu kurang jelas setiap kali saya sedang buruburu ada driver yang dekat malah dicarikan driver yang jauh sehingga menghabiskan waktu hanya untuk menunggu
Edie's Weeks,5,Positive,2026-04-13 06:10:39,works very similar to Uber!,work similar uber
the13th,3,Neutral,2026-04-13 05:19:21,"Really useful app but, the driver had so many variations I swear I must pray every time I ordering so I can get a good driver (attitude and comfort). The price is so fluctuate I can get 2x the original fare only because rain. So yeah the app itself good the driver is so random the price is quite cheap but in certain condition is so high",really useful driver many variation swear must pray every time ordering good driver attitude comfort price fluctuate original fare rain yeah good driver random price quite cheap certain condition high
Htoo Myat Thar,5,Positive,2026-04-13 01:39:54,ok,
Lolie Saldivar,5,Positive,2026-04-13 00:55:40,wow so good,wow good
YH C,1,Negative,2026-04-12 23:47:23,Used to be good. Got worse by the day. Chatbot/information not helpful. No live agents anymore. Flagged accounts with no prior warning/information - user to find out on their own. Multiple agents dealing with same issues as if NO one is actually COMPREHENDING anything even with repetitive info/reminders. Use another app if not for the need of rides. Perhaps time to explore other transportation apps.,used good got worse day chatbotinformation helpful live agent anymore flagged account prior warninginformation user find multiple agent dealing issue actually comprehending anything even repetitive inforeminders another need ride perhaps time explore transportation apps
Hein Htet Aung,1,Negative,2026-04-12 23:46:07,"In addition to the bad relationship, they are charging more car number VPS 6828",addition bad relationship charging car number vps
Komal Deep,5,Positive,2026-04-12 23:09:28,Good gjkh,good gjkh
little zaza,5,Positive,2026-04-12 22:38:39,"Grab is very convenient for transport and food delivery. Booking rides is easy and quick. I like the cashless payment option, it’s a lifesaver.",convenient transport food delivery booking ride easy quick like cashless payment option lifesaver
Marmoneco Pantin,1,Negative,2026-04-12 22:26:49,nakakasad lang d pala safe sumakay sa taxi nyo please guys wag kayo sumakay sa mga taxi nila nakakatakot mabastos,nakakasad lang pala safe sumakay taxi nyo guy wag kayo sumakay mga taxi nila nakakatakot mabastos
wchamps,5,Positive,2026-04-12 22:17:30,"waiting for my food for 1 hours and the status is not changed bcause no driver picked up. this app one of my stpd in the list. where is the guarantee? where is the compen? stpd sht, change your algoritm bro",waiting food hour status changed bcause driver picked stpd list guarantee compen stpd sht change algoritm bro
Gyan Dhungana,5,Positive,2026-04-12 21:39:50,good,good
Iswadih,2,Negative,2026-04-12 21:35:33,Very usefull app,usefull
Himel Shardar,5,Positive,2026-04-12 21:35:19,very great,great
Shinta Pradita,1,Negative,2026-04-12 21:31:18,"Makin parah, sekarang susah banget dapat driver, apalagi grabfood.",makin parah sekarang susah banget dapat driver apalagi grabfood
Alias Jalal,5,Positive,2026-04-12 21:29:38,Good,good
GINA GENAVIA,5,Positive,2026-04-12 21:17:50,fast delivery,fast delivery
kisaaabrn,3,Neutral,2026-04-12 21:14:55,"kocak, iya ngasi promo tp driver jd pada gamau ngambil, apa apaan gua nunggu hampir 2 jam 3 jam, mana lagi laper bgt, klo emg bkal susah dpet driver, ga usah promo²an, mana ga bisa di cancel",kocak iya ngasi promo driver pada gamau ngambil apa apaan gua nunggu hampir jam jam mana lagi laper bgt klo emg bkal susah dpet driver usah promoan mana bisa cancel
Ralph Lawrence R. Cuneta,1,Negative,2026-04-12 21:12:54,5 stars mey refund. minus 4 sa rage bait. 😡,star mey refund minus rage bait
Bội Lê,5,Positive,2026-04-12 21:05:13,"Grab nên đưa những trạm ngừng xe buýt ở tpHCM vô bản đồ để khách hàng tiện đặt xe. Sắp tới lượng hành khách đi buýt sẽ tăng dần, và nhiều người sẽ dùng Grab để nối tiếp chuyến buýt.",nhng trm ngng tphcm khch hng tin lng hnh khch tng nhiu ngi dng tip chuyn
Hanorru wii,3,Neutral,2026-04-12 20:39:56,I waited for my driver fo 5 hours,waited driver hour
WILLIAM,1,Negative,2026-04-12 20:27:22,where is customer chat support for grab in indonesia? app keep pushing articles and not chat support. food order doesnt have driver to pickup and yet order cant be cancelled and order is in limbo for more than 2hours and still counting without way to resolve it,customer chat support indonesia keep pushing article chat support food order doesnt driver pickup yet order cant cancelled order limbo hour still counting without way resolve
Dyan Rani Anggraini,5,Positive,2026-04-12 20:26:13,sangat praktis dan ekonomis,sangat praktis dan ekonomis
Jeff Lai,5,Positive,2026-04-12 20:22:46,good apps,good apps
haruto tsalats,1,Negative,2026-04-12 20:06:47,"Barusan order Grab Food dari jam 5an, terus disuruh tunggu sampe skrg jam 7an, akhirnya cancel. Awalnya 6.40, mundur jadi 6.50, mundur lagi 7.10. Iya duit balik lagi, tapi lu tau ga nahan laper dan ngarep makanan dateng setelah 90 menit lebih itu ga enak? Yang jelas lah punya mitra driver atau merchant makanannya. 90 menit lebih, nunggu, cancel. Laper gue gimana? waktu 90 menit gue nunggu hasilnya apa? Kalo akhirnya cancel, kira kira sama waktu yg dikasih dong. Ga perlu sampe 90 menit lebih.",barusan order food dari jam terus disuruh tunggu sampe skrg jam akhirnya cancel awalnya mundur jadi mundur lagi iya duit balik lagi tapi tau nahan laper dan ngarep makanan dateng setelah menit lebih itu enak yang jelas lah punya mitra driver atau merchant makanannya menit lebih nunggu cancel laper gue gimana waktu menit gue nunggu hasilnya apa kalo akhirnya cancel kira kira sama waktu dikasih dong perlu sampe menit lebih
Romel Tonog,5,Positive,2026-04-12 20:05:41,Excellent apps,excellent apps
Mana E,1,Negative,2026-04-12 19:56:14,"When items are missing or orders delivered wrong, when riders cheat us out of our money, it takes extremely long for the case to be handled. The app also replaced live agents with ai, making the situation worse.",item missing order delivered wrong rider cheat money take extremely long case handled replaced live agent making situation worse
Mdmazumder Salauddin,1,Negative,2026-04-12 19:33:56,good,good
Hawa Nur Faiza,1,Negative,2026-04-12 19:26:02,"Ordered a grab to shah alam and the map took me and the driver to One Utama, and hour away from the location i wanted to go to. Had to pay for another ride. Chatbox is practically useless if you wanted to report things other than the given prompts. No follow up when sending a report. Terrible.",ordered shah alam map took driver utama hour away location wanted pay another ride chatbox practically useless wanted report thing given prompt follow sending report terrible
Malik Henry,5,Positive,2026-04-12 19:19:49,great advice on the cash only,great advice cash
Noie Seguiza,5,Positive,2026-04-12 18:18:32,very nice and handy appreciated app.,nice handy appreciated
Timothy Cabrera,5,Positive,2026-04-12 18:05:30,best option,best option
pongsa ol,5,Positive,2026-04-12 18:04:57,great,great
Ardee Conde,5,Positive,2026-04-12 17:49:12,great!,great
Chi,5,Positive,2026-04-12 17:37:36,recently while using the app i find that the drivers have no clue where i am. they stop several meters away looking around. not sure if it is the gps broken or they just want people to walk a long distance to find them. happens for both cars and bikes. So far so good. Works well and prices are real. Just pay what it states. It does not change prices from the quoting screen like other apps. Drivers were within 5 mins each of my 2 trips. Can't fault this service,recently using find driver clue stop several meter away looking around sure gps broken want people walk long distance find happens car bike far good work well price real pay state change price quoting screen like apps driver within min trip cant fault service
Thanathip Chummongkhon,1,Negative,2026-04-12 17:22:38,ไม่สามารถแก้ไขที่อยู่ได้ แก้ไปก็ไม่ยอมรับ ส่งผิดบ้านตลอด ไปใช้ไลน์แมนดีกว่า เลิกใช้แอปน่าโง่เท่านี้,
Lia Melinda,1,Negative,2026-04-12 17:00:21,lama grabpick upnya gak lagi pake grab,lama grabpick upnya gak lagi pake
Marcel Badenhorst,1,Negative,2026-04-12 16:22:50,"Pathetic service in delivery of food. Drivers are incompetent and most of the undesirable events committed by drivers or delivery service gets somehow blamed on the customer. Ordered food, wrong food was selected and could not cancel it. Driver picks up multiple orders at the same time. That caused the food to get cold and they expect us to pay for it. The druvers harass customers and if you sort out their miscreant employees, they will threaten to block your account or play victim.",pathetic service delivery food driver incompetent undesirable event committed driver delivery service get somehow blamed customer ordered food wrong food selected cancel driver pick multiple order time caused food cold expect pay druvers harass customer sort miscreant employee threaten block account play victim
Elizabeth Si,5,Positive,2026-04-12 15:49:22,excellent,excellent
Ennie Suratmi,1,Negative,2026-04-12 15:49:05,TERBURUK!Dear Konsumen Grab mohon maaf kami driver sudah sangat Penat dan Terhimpit. TARIF MURAH YANG KALIAN DAPATKAN adalah KERUGIAN kami para driver. sewa mobil 200rb/ hari belum bensin dengan jam kerja 10-12jam jarak bisa 100km & bensin 100rb potongan aplikasi kalo HEMAT 20% kalo Normat kadang sampai 35% Fair atau JAHAT sih??? dari titik awal ke jemput TIDAK dihitung dari tujuan kembali ke titik keramaian TIDAK dihitung. grab tobat yaa - kalian juga karyawan kok masa ga bisa merasakan Zolim?,terburukdear konsumen mohon maaf kami driver sudah sangat penat dan terhimpit tarif murah yang kalian dapatkan adalah kerugian kami para driver sewa mobil hari belum bensin dengan jam kerja jam jarak bisa bensin potongan aplikasi kalo hemat kalo normat kadang sampai fair atau jahat sih dari titik awal jemput tidak dihitung dari tujuan kembali titik keramaian tidak dihitung tobat yaa kalian juga karyawan kok masa bisa merasakan zolim
atikah ghazali,1,Negative,2026-04-12 15:35:59,sgt teruk.. asyik delay² sampai 2 jam delay.. tempat dekat je tp delay mcm kedai tu luar kawasan.. grab sgt teruk la 3x dh kena cmni bad ever,sgt teruk asyik delay sampai jam delay tempat dekat delay mcm kedai luar kawasan sgt teruk kena cmni bad ever
Dolores Villedo,5,Positive,2026-04-12 15:02:48,will order again using tour services. thank u,order using tour service thank
balai Mon,5,Positive,2026-04-12 14:28:03,good,good
Eko Permodo,4,Positive,2026-04-12 14:17:21,harusnya ada notifikasi makanan non halal,harusnya ada notifikasi makanan non halal
Jacques Slabbert,5,Positive,2026-04-12 14:05:32,very clean car and a very cautious driver,clean car cautious driver
Hoàng Thiện Lê,1,Negative,2026-04-12 13:45:05,"Grab hỗ trợ khách hành hời hợi, không thể liên hệ được tổng đài, trong khi hệ thống tự động không thể giải quyết được!",khch hnh khng lin tng trong khi thng khng gii quyt
Mdripan Miah,5,Positive,2026-04-12 13:22:36,Okay,okay
Glxrishi,1,Negative,2026-04-12 13:17:07,Grab doesn't tell their drivers to confirm the delivery order before taking the item and passing it to the buyer. and they will only compensate with vouchers forcing you to pay more money in order to get your refund back. this is the second time I am truly disappointed in how grab instructs their drivers. Tell your drivers to wake don't hire incompetent people.,doesnt tell driver confirm delivery order taking item passing buyer compensate voucher forcing pay money order refund back second time truly disappointed instructs driver tell driver wake dont hire incompetent people
Omel ABDUL HADI,5,Positive,2026-04-12 12:19:34,Most covinient to order food and groceries.,covinient order food grocery
hasanmd wahid,5,Positive,2026-04-12 12:02:44,delivery was on time. we was happy,delivery time happy
Axel Philips,1,Negative,2026-04-12 11:59:44,"Tried everything, re-installed, ... Still doesn't work. When adding credit card details get 'page no found'...",tried everything reinstalled still doesnt work adding credit card detail page found
Isla Alejandra,1,Negative,2026-04-12 11:41:40,there should be a cancel button when ordering in the supermarket. I just placed my order for about 1 minute and was about to cancel my order yet no cancel button in the activity portion.,cancel button ordering supermarket placed order minute cancel order yet cancel button activity portion
David Lyon,5,Positive,2026-04-12 11:20:34,Pleasant trip,pleasant trip
phaychitpo 2018,5,Positive,2026-04-12 11:19:35,good,good
jamaica peru,5,Positive,2026-04-12 10:49:14,Nice,nice
Gustavo Souza,3,Neutral,2026-04-12 08:22:24,please fix the notifications,fix notification
Chaerul,1,Negative,2026-04-12 07:28:44,Kapitalisasi tingkat dewa,kapitalisasi tingkat dewa
Widi Andini,1,Negative,2026-04-12 06:32:10,"Driver Grab pengecut, takut sama hujan.",driver pengecut takut sama hujan
U K,1,Negative,2026-04-12 05:05:08,"How do I remove my linked facebook? That facebook was suspended by meta with their recent mass ban! I no longer use it! Is the qrph payment to grab rider or grab car, a p2m? Bring back the grab pay virtual card and linked local cards should have no fee! ALSO MAKE IT POSSIBLE TO REQUEST ALL GRAB APP TXNS FROM CREATION OF ACCOUNT!",remove linked facebook facebook suspended meta recent mass ban longer qrph payment rider car bring back pay virtual card linked local card fee make possible request txns creation account
Ony,2,Negative,2026-04-12 02:35:57,"Please change the status shown on the app when we are waiting for our foods if the delayed caused by the time needed to find the driver. Dont mislead us by showing ""Kitchen is preparing your order"" until you found the driver 30 mins later. the resto told me my order is ready in around 10 minutes after i ordered but the driver has not shown up 30 minutes later. but the status was still ""kitchen is preparing your order"". should change it to ""Looking for driver""",change status shown waiting food delayed caused time needed find driver dont mislead showing kitchen preparing order found driver min later resto told order ready around minute ordered driver shown minute later status still kitchen preparing order change looking driver
nevermind Z,5,Positive,2026-04-12 02:12:31,"Without Grab i can't go to my work early. My experience on the site was good, I liked it because it was simple and very quick to adapt.",without cant work early experience site good liked simple quick adapt
Sheila mae Cabajar,5,Positive,2026-04-12 00:48:34,love it,love
Masasada Uban,4,Positive,2026-04-12 00:43:37,good service,good service
Sweet,1,Negative,2026-04-11 23:55:12,no promo sux,promo sux
Kresno Putro,5,Positive,2026-04-11 23:38:02,good response,good response
Tamado Sitohang,1,Negative,2026-04-11 23:32:47,too much cigarette ads. i don't smoke. please stop advertising poison.,much cigarette ad dont smoke stop advertising poison
Nelmahadir Dirnel,5,Positive,2026-04-11 23:22:22,good 👍,good
Gunawan Napitu,5,Positive,2026-04-11 23:20:50,good,good
Lucky L,5,Positive,2026-04-11 22:53:33,excellent driver...car spotless. Well done!,excellent drivercar spotless well done
achmad sabarta,1,Negative,2026-04-11 21:44:21,Tolong di cek sistem gps nya fee pengiriman jd lbh besar karna rutenya muter2 jd terlihat jauh padahal jarak pengirimannya dekat,tolong cek sistem gps nya fee pengiriman lbh besar karna rutenya muter terlihat jauh padahal jarak pengirimannya dekat
Raida Adjal,5,Positive,2026-04-11 21:37:54,Nice grab 👌,nice
Madao (BloomMadao),1,Negative,2026-04-11 21:31:50,too many ridiculous policy,many ridiculous policy
Rifhan Abd Talib,1,Negative,2026-04-11 21:00:16,bad customer service,bad customer service
Joreen Irish Lizardo,1,Negative,2026-04-11 20:49:33,Iniwan ako ni Grab driver bigla g humarurot pagdating ko ang hirap magcomplain sa customer support nacharge pa ko ng 50 no show daw😡😡😡,iniwan ako driver bigla humarurot pagdating ang hirap magcomplain customer support nacharge show daw
Rafiq Zakwan,4,Positive,2026-04-11 20:46:48,"Hi i wanted to make this review because i tried to top up the grab wallet, the fund is deducted from my bank account but my grab wallet is still the same, i tried to look for any email or phone number in the app but there is none, I tried to submit a report but the ui for the help center is really not good, please fix this, I dont know where else to go to so I'll just put this review here until this problem is fixed,( i update this to 4 stars because after 2 hours its fixed tq grab)",wanted make review tried top wallet fund deducted bank account wallet still tried look email phone number none tried submit report help center really good fix dont know else ill put review problem fixed update star hour fixed
kyawt kyawt,5,Positive,2026-04-11 20:43:57,Thanks Good Service,thanks good service
jeffrey apostol,5,Positive,2026-04-11 20:35:30,nice,nice
ROCHIE TAN,5,Positive,2026-04-11 20:27:35,very good,good
Prawin Aksharamat,5,Positive,2026-04-11 20:23:12,"11 Apr 2026 I just have some fun idea, if grab create campaign for rider to recieve more job for incentive => rider will try to be faster => rate of damaged food will increase, just note this as fun idea, don't mind me. 28 Feb 2026 With auto top up popup when money in wallet is not enough, life has been easier. Too bad many people use grab and discount expire when I finished the topup so I have to topup again.",apr fun idea create campaign rider recieve job incentive rider try faster rate damaged food increase note fun idea dont mind feb auto top popup money wallet enough life easier bad many people discount expire finished topup topup
Phoebe Santos,5,Positive,2026-04-11 20:04:19,Super convenient 😃 fast delivery,super convenient fast delivery
Mario JT,1,Negative,2026-04-11 19:50:39,"can't be cancelled. can't be contacted, they delete all the human interaction customer service lines. drivers won't take the order, seems they are rich already. grab laid off hundreds of people, ask for more and more fee at the apps but no improvement so far. what a poor business decisions",cant cancelled cant contacted delete human interaction customer service line driver wont take order seems rich already laid hundred people ask fee apps improvement far poor business decision
Ali Hamza,5,Positive,2026-04-11 19:48:27,its very good app,good
Sheryl Taguba,2,Negative,2026-04-11 19:48:22,good,good
Umesh prajapati,5,Positive,2026-04-11 18:57:40,good app,good
Agung Kurniawan,1,Negative,2026-04-11 18:50:05,"saya berkali kali pesan sangat susah, nunggu hampir satu jam, driver di chat di telfon ga respon, tau tau di cancel, bahkan sering tiba tiba ga bisa pesan. padahal tidak ada kendala signal. halo please improve!! padahal lokasi di jakarta.",saya berkali kali pesan sangat susah nunggu hampir satu jam driver chat telfon respon tau tau cancel bahkan sering tiba tiba bisa pesan padahal tidak ada kendala signal halo improve padahal lokasi jakarta
Kamlesh Kumar,5,Positive,2026-04-11 18:39:10,Nice,nice
Se7en TM,1,Negative,2026-04-11 18:37:59,ontime good service,ontime good service
khingtin win,3,Neutral,2026-04-11 18:21:36,service is good,service good
Bryan Carter,1,Negative,2026-04-11 18:21:01,THE WORST BOOKING APP FOR TAXI. IMAGINE GETTING YOUR TRIP CANCELLED BY THE AT LEAST 10 DRIVER STRAIGHT. ALL THE DRIVER CAN JUST CANCELLED YOUR BOOKING IN THE LAST MINUTE. SPECIALLY HERE IN CEBU CITY.,worst booking taxi imagine getting trip cancelled least driver straight driver cancelled booking last minute specially cebu city
Kucing Bulan,1,Negative,2026-04-11 18:11:15,"Susah dapat driver, lokasi driver jauh ketika jemput, tidak efisien waktu",susah dapat driver lokasi driver jauh ketika jemput tidak efisien waktu
Pomegranate,1,Negative,2026-04-11 18:02:21,"Aplikasinya jelek. Drivernya gak mau pick up, kena cancel terus.",aplikasinya jelek drivernya gak mau pick kena cancel terus
Nicolas Bernard (Nicolas),5,Positive,2026-04-11 17:52:38,it's fast and cheap way better than Uber,fast cheap way better uber
Adithya Panji,4,Positive,2026-04-11 17:07:13,it will be superb if grab business limit can be used to pay bills / top up,superb business limit used pay bill top
Chee Keong Lim,5,Positive,2026-04-11 16:51:40,car is clean n driver friendly,car clean driver friendly
Farhan Nadivan Kamal,1,Negative,2026-04-11 16:49:34,banyak driver yg pilih2 dan cancel pesanan,banyak driver pilih dan cancel pesanan
Bakrun,5,Positive,2026-04-11 16:19:35,good app,good
Ivory,5,Positive,2026-04-11 16:00:29,"must have for visiting any southeast asian country, literal life saver.",must visiting southeast asian country literal life saver
rosenani md akib,5,Positive,2026-04-11 15:51:06,good 👍,good
Teguh Tomi,5,Positive,2026-04-11 15:32:57,titi dijalan ya mas,titi dijalan ma
Bill Andreas,1,Negative,2026-04-11 15:25:24,"it's been so many years i used grab. when i'm in indonesia or when i go overseas in malaysia. but today is the day i have to uninstall the app. i hate the driver. he is rude and his behavior is bad. he threaten me. he said if i give him 1 star he will come to get me cause he know my place. i really feel threaten. he is the one whose attitude is bad. this is the first time since many years i use grab, happens to me. before i never experience this. just seeing in social media.",many year used indonesia overseas malaysia today day uninstall hate driver rude behavior bad threaten said give star come cause know place really feel threaten whose attitude bad first time since many year happens never experience seeing social medium
Geoffrey Moore,1,Negative,2026-04-11 15:19:38,Racist app. white people are charged more. every single time. and wait times are always double on my app compared to any of my local friends.,racist white people charged every single time wait time always double compared local friend
Riki Haizen,1,Negative,2026-04-11 15:15:29,"the new search update suck, i cant search for the restaurant i want. i type out the restaurant name and give me random restaurant choices but not the restaurant name. i have to go to past order to find restaurant and the name of restaurant is correct and it is open.",new search update suck cant search restaurant want type restaurant name give random restaurant choice restaurant name past order find restaurant name restaurant correct open
Quỳnh Phạm,1,Negative,2026-04-11 15:13:49,"Tính toán thời gian thiếu chính xác, shipper đến nơi không đúng thời gian ước tính.",tnh ton thi gian thiu chnh shipper khng thi gian tnh
Ang Diana,5,Positive,2026-04-11 15:12:49,on time,time
Kevin Pazal,5,Positive,2026-04-11 14:42:13,very good service,good service
shane johnson,5,Positive,2026-04-11 14:06:58,"10/10 very nervous old person trying first to use this app and technology. all seemed to work well. I was taken as close as possible as my accomodation was in an alley. Very polite, respectful and calm driver. Thank you Grab and your lovely driver",nervous old person trying first technology seemed work well taken close possible accomodation alley polite respectful calm driver thank lovely driver
Chun Kiat Chua,1,Negative,2026-04-11 13:59:55,from 5 stars to 1 star. Using grab has been extremely painful with fake inaccurate wait time,star star using extremely painful fake inaccurate wait time
Jeryco De Vera,1,Negative,2026-04-11 12:53:42,Got scammed by this app I order from it and paid in advance the order never arrived because the rider went to the incorrect address due to the clunky pinning system of the app,got scammed order paid advance order never arrived rider went incorrect address due clunky pinning system
DEEP Tmg,5,Positive,2026-04-11 12:14:49,good 👍,good
Siravit Nithipakornkul,3,Neutral,2026-04-11 12:07:20,"bad customer support, it's almost like they want to make it hard to actually reach human help",bad customer support almost like want make hard actually reach human help
Farah Izzati,1,Negative,2026-04-11 12:06:23,"menyusahkan orang , tolak duit auto tanpa sebab , lepastu nak refund lambat",menyusahkan orang tolak duit auto tanpa sebab lepastu nak refund lambat
Sivam Mavis,5,Positive,2026-04-11 12:04:46,nice person . safety,nice person safety
yuanita Sansekerta,5,Positive,2026-04-11 12:00:13,yuhuuu,yuhuuu
Romilyn Guias,5,Positive,2026-04-11 11:07:44,okies,okies
Kaif Shaikh,5,Positive,2026-04-11 10:57:17,Good apps,good apps
DF,4,Positive,2026-04-11 10:39:10,"The account tab or Dashboard keeps on giving me an error. It says, ""Some data failed to load. Pull down to refresh."" I did that but that error still keeps on popping. I also cleared the cache, cleared the data, and reinstalled the app and I'm still getting the same error. Please fix it.",account tab dashboard keep giving error say data failed load pull refresh error still keep popping cleared cache cleared data reinstalled still getting error fix
kiatkiat mama,5,Positive,2026-04-11 10:08:23,friendly,friendly
M a p l e,1,Negative,2026-04-11 09:53:39,pakai ai.,pakai
luis medina,5,Positive,2026-04-11 09:28:32,okey siya,okey siya
Amrit BK,5,Positive,2026-04-11 08:22:15,good 👍,good
Ryan,5,Positive,2026-04-11 07:22:11,"A great way to travel here in Bicol especially if you don't know what jeepneys or tricycles to ride. Also, it has an option for a trike which is way cheaper since we are just travelling by two. Thanks Grab.",great way travel bicol especially dont know jeepneys tricycle ride option trike way cheaper since travelling two thanks
mardiah bahrun,5,Positive,2026-04-11 04:53:45,👍,
DICKY IBROHIM,1,Negative,2026-04-11 02:28:58,"Grab plus (mobil listrik) yang ada logonya grab car kata driver gak boleh masuk gang. Padahal gangnya bisa 2 mobil meski harus pelan. Bingung mau kasih bintang 1 atau 5. 1 kasihan driver, 5 tapi jelek. Dari stasiun Pasar senen jam 1:27 - sampai 2:03. Jemputnya rewel minta didepan gak sesuai titik, pulangnya bikin tidak nyaman. Bawa anak kecil harus jalan kaki puluhan/ratusan meter. 🙂 Aneh betul. A-9**3**9GX***AV",plus mobil listrik yang ada logonya car kata driver gak boleh masuk gang padahal gangnya bisa mobil meski harus pelan bingung mau kasih bintang atau kasihan driver tapi jelek dari stasiun pasar senen jam sampai jemputnya rewel minta didepan gak sesuai titik pulangnya bikin tidak nyaman bawa anak kecil harus jalan kaki puluhanratusan meter aneh betul agxav
Zulfan qayyum,5,Positive,2026-04-11 02:26:04,apps yang sangat bagus owkwowkowkwowk,apps yang sangat bagus owkwowkowkwowk
Mas YEK,5,Positive,2026-04-11 01:15:04,needed,needed
Tjung Eru,1,Negative,2026-04-11 00:57:46,kasian driver lo,kasian driver
tatsukira milla,5,Positive,2026-04-11 00:54:13,good,good
Miko Pangilinan,5,Positive,2026-04-11 00:35:59,thank you,thank
Abir Mahamud,5,Positive,2026-04-11 00:34:46,best service,best service
Alexis Centia,1,Negative,2026-04-11 00:25:38,ask may times for live agent but it seems that the system was so stupid that it can't even understand a simple question,ask may time live agent seems system stupid cant even understand simple question
Hamzah M. Suryansyah,1,Negative,2026-04-10 23:04:18,"Sama aja nih kek aplikasi sebelah, seenak jidat. Gw mesti nunggu 1 jam 30+ menit buat makanan gw sampe? Ini gw reservasi dulu kah?",sama aja nih kek aplikasi sebelah seenak jidat mesti nunggu jam menit buat makanan sampe ini reservasi dulu kah
Ian Starkey,5,Positive,2026-04-10 22:55:34,Accessibke and Reliable across multiple areas of Vietmam. Data only required via e-sim. highly recommend to anyone visiting Vietnam.,accessibke reliable across multiple area vietmam data required via esim highly recommend anyone visiting vietnam
Michael Joe Artiaga,1,Negative,2026-04-10 22:54:40,Wala manlang mga Voucher napaka mahal ng DF,wala manlang mga voucher napaka mahal
Alfonso Parita,5,Positive,2026-04-10 22:53:11,"thank you for the hardwork and perseverance of the delivery riders,even though the fuel prices are high,they continue to provide sevice. salute!!!",thank hardwork perseverance delivery riderseven though fuel price highthey continue provide sevice salute
Nilanka Wijewardana,1,Negative,2026-04-10 22:39:12,"useless app. verification pending for years, has some money also left in the wallet, nobody to talk to",useless verification pending year money left wallet nobody talk
Aditya Kuntjoro Adjie,1,Negative,2026-04-10 22:07:35,"Horrible experiences as a consumer with food provider partners, fake promotions, switch and bait tactics, and allowing bad businesses to take advantage of consumers with only minimal protection. Wouldn't recommend",horrible experience consumer food provider partner fake promotion switch bait tactic allowing bad business take advantage consumer minimal protection wouldnt recommend
William,1,Negative,2026-04-10 21:42:49,pas mau buka aplikasi loadingnya lamaaa banget ya ampun tolong diperbaiki,pa mau buka aplikasi loadingnya lamaaa banget ampun tolong diperbaiki
Theri Shankar,5,Positive,2026-04-10 21:27:53,best app,best
Stephen Marcus,3,Neutral,2026-04-10 21:23:38,"I really like Grab services, but have been deleting the application after using the app. Grab swamps my phone with trash communications, offers, and details about services I will never use. I have just tried turning off all the communication sliders to see if Grab can stop itself from cluttering MY phone with garbage. If I get unnecessary communications I will delete the app again. Stupid over the top sales marketing.",really like service deleting application using swamp phone trash communication offer detail service never tried turning communication slider see stop cluttering phone garbage unnecessary communication delete stupid top sale marketing
Firmansyah,1,Negative,2026-04-10 21:17:12,"apaan estimasi 30 mnt udh lewat 30 menit, estimasi berubah, gw mau makan woy, percuma ada opsi pengiriman standar dll. kalo ujung"" nya molor juga.",apaan estimasi mnt udh lewat menit estimasi berubah mau makan woy percuma ada opsi pengiriman standar dll kalo ujung nya molor juga
wernchoong Kuek,1,Negative,2026-04-10 21:11:19,monopoly in Malaysia leads to subpar responses to complaints. Food deliveries are overly priced with almost no accountability mechanisms.,monopoly malaysia lead subpar response complaint food delivery overly priced almost accountability mechanism
Bhejiel david Oliquino,5,Positive,2026-04-10 21:04:12,good,good
Sabahan Boys,5,Positive,2026-04-10 20:44:31,Terbaik,terbaik
Sarah Chen,1,Negative,2026-04-10 20:21:45,"This has to be one of the worst ride-hailing experiences I’ve ever had. The app itself is unreliable, drains your battery, and has some of the deadliest drivers ever. Grab does nothing about it, bc it's free money for them, while they make Taxis poorer. Grab's drivers will steer your life into a coffin!",worst ridehailing experience ive ever unreliable drain battery deadliest driver ever nothing free money make taxi poorer grab driver steer life coffin
Cassie Ellsworth,1,Negative,2026-04-10 19:44:43,"Grab Malaysia: This app is deliberately doubling the distances from restaurants to your location so that delivery fees become ridiculously high. Example: Actual distance shown by Google is 5km, but this app indicates 10km, so you pay double the delivery fee, PLUS peak-hour surcharge. Reporting this to the authorities.",malaysia deliberately doubling distance restaurant location delivery fee become ridiculously high example actual distance shown google indicates pay double delivery fee plus peakhour surcharge reporting authority
Cucu Cahyati,5,Positive,2026-04-10 19:41:05,banyak promo bagusssss,banyak promo bagusssss
Rizki Alya,5,Positive,2026-04-10 19:24:22,I'm very easy to bepergian dan membeli makanan,easy bepergian dan membeli makanan
ahmad riza,4,Positive,2026-04-10 19:12:48,lain internat di sekitar pasir gudang kurang bagus,lain internat sekitar pasir gudang kurang bagus
chit chit,5,Positive,2026-04-10 18:56:05,good,good
Mia Coleen Suarez,1,Negative,2026-04-10 18:27:27,Good,good
Certain Usage,1,Negative,2026-04-10 18:16:15,I tried to order food from the app and specifically ask for my delivery to be delivered face to face so i can take the food off the driver myself to prevent any accidental deliveries from being made. Yet the status of my order said it was completed with me already paying for it despite the fact that i have not received my food. This not only wasted my time but it also made me lose money from the delivery and i couldn't even ask for a refund because there isnt a proper place to ask for refund.,tried order food specifically ask delivery delivered face face take food driver prevent accidental delivery made yet status order said completed already paying despite fact received food wasted time made lose money delivery couldnt even ask refund isnt proper place ask refund
Roland Begaye,5,Positive,2026-04-10 18:03:28,love it,love
k y,1,Negative,2026-04-10 17:59:51,"PASTI KALO HUJAN SELALU GA DAPET DRIVER, PADA NIAT GA SIH CARI DUIT. SATU JAM SETENGAH LEBIH GA DAPET"" ASTAGA. BENERIN YA GRAB, KALO EMG NIAT CARI REJEKI GA USH MILIH""",pasti kalo hujan selalu dapet driver pada niat sih cari duit satu jam setengah lebih dapet astaga benerin kalo emg niat cari rejeki ush milih
Mizi Aziz,5,Positive,2026-04-10 17:31:50,"Grab has perfected the ""super app"" experience. The interface is clean despite having so many features rides, food, parcels, and even instant Cash Loans. It’s fast, secure, and the AI features genuinely make daily tasks easier. Truly an essential part of living in Southeast Asia.",perfected super experience interface clean despite many feature ride food parcel even instant cash loan fast secure feature genuinely make daily task easier truly essential part living southeast asia
Orland Miñoza,2,Negative,2026-04-10 17:28:49,"Your drivers should be punished everytime they confirm the ride, then after 10-15mins of waiting, they will juat cancel. It has happened to me too many times.",driver punished everytime confirm ride min waiting juat cancel happened many time
Monjur Rahman,5,Positive,2026-04-10 17:24:52,Baik,baik
Rahil Khan,5,Positive,2026-04-10 17:15:46,good service,good service
Tin,1,Negative,2026-04-10 17:15:09,"keeps getting error when unlinking payment method, bot still thinks the app I recently updated is outdated edit: even the response is a bit...Again I am having trouble UNLINKING a debit card...",keep getting error unlinking payment method bot still think recently updated outdated edit even response bitagain trouble unlinking debit card
Kenneth Bryan,5,Positive,2026-04-10 17:12:33,Suggestion: Please add 5-seater option in GrabCar especially with the rise of EV where units are on 5-seater or 7-seater. This will add options for the passengers and support electric vehicle drivers too.,suggestion add seater option grabcar especially rise unit seater seater add option passenger support electric vehicle driver
James Joseph,5,Positive,2026-04-10 16:22:22,Good comfortable ride. fully satisfied,good comfortable ride fully satisfied
najma,1,Negative,2026-04-10 16:11:13,lemot,lemot
Marie Wambua,5,Positive,2026-04-10 15:59:47,excellent service,excellent service
Christopher Perifimou,5,Positive,2026-04-10 15:51:27,great and quick service,great quick service
Muhammad Ali,4,Positive,2026-04-10 15:50:56,Wow good 👍 I think 🤔💬💬,wow good think
Janjan Franco,5,Positive,2026-04-10 15:50:52,very nice,nice
steve hedrington,5,Positive,2026-04-10 15:50:07,awesome app,awesome
Gu Gu,1,Negative,2026-04-10 15:30:11,"l33 taw"" soe tl ma see Kya nae",taw soe see kya nae
Kelly Rice (Corntest Travels),5,Positive,2026-04-10 15:14:10,My go to for transportation around Hua Hin. Been here 5 months and never felt like I needed to rent or buy a motorcycle.,transportation around hua hin month never felt like needed rent buy motorcycle
noor alisa,5,Positive,2026-04-10 14:45:59,"I use Grab all the time. Did you know? It’s super convenient for rides and food delivery, and everything just feels quick and easy!",time know super convenient ride food delivery everything feel quick easy
Hafiz Fauzhi,5,Positive,2026-04-10 14:41:56,"I give 5 stars on Grab 👍 driver friendly and ride was smooth, thank you!",give star driver friendly ride smooth thank
Zar Ni,5,Positive,2026-04-10 14:30:47,safe,safe
Siti fatimah Siti,5,Positive,2026-04-10 13:45:30,Excellent,excellent
Aatish Magar,4,Positive,2026-04-10 13:17:03,Good,good
Lola Bee,5,Positive,2026-04-10 13:14:28,"Grab is my ultimate ""everything app"" because it makes daily life so much easier. I use it for everything from booking quick rides to ordering food, and I love the new feature that lets me combine orders from different places into one delivery! It’s reliable, the payments are seamless, and it’s truly the one app I need for almost any task.",ultimate everything make daily life much easier everything booking quick ride ordering food love new feature let combine order different place delivery reliable payment seamless truly need almost task
Carolina Cacayuran,5,Positive,2026-04-10 13:13:17,im greatful to ride in your service.. convenient..,greatful ride service convenient
Nazah Tasfia,5,Positive,2026-04-10 13:03:42,"LOVEE USING THIS app! Super easy to use, fast, and very reliable. The interface is clean and everything works smoothly without any issues. It’s made ORDERING FOOD so much more convenient and enjoyable. Highly recommend it to everyone!",lovee using super easy fast reliable interface clean everything work smoothly without issue made ordering food much convenient enjoyable highly recommend everyone
Md Hakim,4,Positive,2026-04-10 12:54:45,very god,god
Henrik,4,Positive,2026-04-10 12:42:13,No option for contacting Grab directly regarding their service as opposed to the service provider. customized tip amounts seem to default to a different currency than where the service took place. beware!,option contacting directly regarding service opposed service provider customized tip amount seem default different currency service took place beware
Rizal Dwi Cahyo,1,Negative,2026-04-10 12:42:07,I think Grab Food is the worst food delivery service ever!,think food worst food delivery service ever
Len dela Cruz,2,Negative,2026-04-10 12:34:48,"Switching to Metromart, Pickaroo & Lazmart. Annoying default replacement that you have to remove one by one!!!",switching metromart pickaroo lazmart annoying default replacement remove
Adrin Genius,5,Positive,2026-04-10 12:12:30,good app !!!!,good
Ganesh Nathan,5,Positive,2026-04-10 12:01:03,good👍,good
Uma Arumugam,5,Positive,2026-04-10 11:44:33,service was so good 👍,service good
Angel Magistrado,3,Neutral,2026-04-10 11:43:42,Super very good,super good
Catherine Andrea Lowis,1,Negative,2026-04-10 11:26:23,transaksi booking tidak muncul di Activity sehingga tidak bisa lapor dana yang masih tertahan akibat cancel booking. and there's no other way to contact for support. please fix this,transaksi booking tidak muncul activity sehingga tidak bisa lapor dana yang masih tertahan akibat cancel booking there way contact support fix
Anarul Islam,5,Positive,2026-04-10 11:05:16,Ok,
Dipta Pradnyana,1,Negative,2026-04-10 10:47:29,the forced ads are too frequent,forced ad frequent
Ouyang Yong,5,Positive,2026-04-10 10:26:49,memudahkan saya pergi ke mana sahaja,memudahkan saya pergi mana sahaja
Jeesalou Eboran,3,Neutral,2026-04-10 09:57:23,"it's nice may iba pa palang E Wallet Dito Akala ko dalawa lang Ang wallet Hindi pala..,🙂😊",nice may iba palang wallet dito akala dalawa lang ang wallet hindi pala
Marmar Galit,5,Positive,2026-04-10 09:11:27,nkaka truma ka grab. sa totoo lng may mga user ka na ndi marunong lumaban Ng patas nag tatrabaho aq sa Isang fast food restaurants Mang Inasal Yung pagod q sa 8 hours duty kulang pa pambayad na lintik mong refund sa mga customers mo na ndi marunong lumaban Ng patas sana lng Bago kayo mag refund nag investigate Muna kayo kawawa kaming mga nag tatrabaho Ng patas tpos na uuwi lng sa wala bung pagod nmin kulang pa,nkaka truma totoo lng may mga user ndi marunong lumaban patas nag tatrabaho isang fast food restaurant mang inasal yung pagod hour duty kulang pambayad lintik mong refund mga customer ndi marunong lumaban patas sana lng bago kayo mag refund nag investigate muna kayo kawawa kaming mga nag tatrabaho patas tpos uuwi lng wala bung pagod nmin kulang
Azmey Rosli,5,Positive,2026-04-10 08:58:39,terima kasih,terima kasih
Lea Fae Diaz,2,Negative,2026-04-10 07:24:54,We booked a ride in Manila but the location isn't accurate. We ended up going to a place with dead end.,booked ride manila location isnt accurate ended going place dead end
ramlal mahato,1,Negative,2026-04-10 06:15:12,thank,thank
Emily Berríos,5,Positive,2026-04-10 02:18:45,surprisingly easy and convenient!,surprisingly easy convenient
Phia May Vien Caranzo,5,Positive,2026-04-10 02:01:40,very nice service,nice service
chitaljit heigrujam,5,Positive,2026-04-10 01:53:20,very good service,good service
Anton Magnaye,1,Negative,2026-04-10 01:02:52,never use this app. unsafe and always wrong order,never unsafe always wrong order
michelle mariano,5,Positive,2026-04-10 00:37:44,what about having a tip that range from 1 to 10 or put an option to put an amount to enter to tip. thanks!,tip range put option put amount enter tip thanks
Rahul Kumar,5,Positive,2026-04-10 00:33:22,very useful application,useful application
Charles Mattew A.Deleon,4,Positive,2026-04-10 00:14:58,"I really like this app because even in the middle of the night, I can still order food to satisfy my cravings. though there's some bug or errors like my food got switched but it was rare to happen so I rate it 4/5",really like even middle night still order food satisfy craving though there bug error like food got switched rare happen rate
Andrew Katai,3,Neutral,2026-04-10 00:02:02,arrived late and failed to arrive at delivery promise ! no compensation??? over 800 baht for late very cold food ! not good enough !!!,arrived late failed arrive delivery promise compensation baht late cold food good enough
Ei Yamone Hpoo,1,Negative,2026-04-09 23:59:22,အရင်ကအဆင်ပြေသလောက် အခုနောက်ပိုင်း ကားသမားတွေက အဆင့်မရှိတာတွေများပြီး သူတို့မလာနိုင်တာကို အကြာကြီးစောင့်ခိုင်းတယ် ပြီးကျcancelကို passenger ကိုလုပ်ခိုင်းတယ်။ မလုပ်ပေးရင် ဆဲဆိုရိုင်းစိုင်းတယ်။ အရေးယူ တာဝန်ယူပေးမှုလည်း Grabကမလုပ်ပေးဘူး။ ဘယ်မှလည်းတိုင်မရဘူး။ တော်တော်စိတ်ပျက်ဖို့ကောင်းတယ်,cancel passenger
Chickenfeet,1,Negative,2026-04-09 23:27:50,scam,scam
Megumi Nakashima,1,Negative,2026-04-09 22:51:55,"If there's zero star, I would rate it at zero. I ordered in grab and paid it via e-money. my order never arrived and the driver took it. when I asked for a refund they only refunded 50% WHAT THE HELL!? IT WAS MY MONEY, THE RIDER TOOK MY ORDER (ATE/DRINK IT) AND NOW IT WILL END UP AS IF I PAID THE FOOD FOR THE RIDER TO DRINK INSTEAD. I understand if the delivery fee won't be refunded, BUT THE MONEY I PAID FOR THE FOOD ITSELF WON'T BE RETURNED... THAT'S RIDICULOUS AND UNFAIR!",there zero star rate zero ordered paid via emoney order never arrived driver took asked refund refunded hell money rider took order atedrink end paid food rider drink instead understand delivery fee wont refunded money paid food wont returned thats ridiculous unfair
isya awie,5,Positive,2026-04-09 22:33:12,its convenient for transport and food delivery. the app is easy to use and provides a safe and reliable service,convenient transport food delivery easy provides safe reliable service
Cyrrile Carbonell,1,Negative,2026-04-09 21:46:35,"expensive fares, crazy",expensive fare crazy
mdshamim reza,5,Positive,2026-04-09 21:43:34,best,best
Clara Clarke,5,Positive,2026-04-09 21:40:12,Excellent thanks,excellent thanks
Ivan Budiman,5,Positive,2026-04-09 21:21:33,"beda sama aplikasi ijo sebelah, yang ini lebih bagus lebih customer-friendly baik dari tim Grab dan mitra drivernya 👍",beda sama aplikasi ijo sebelah yang ini lebih bagus lebih customerfriendly baik dari tim dan mitra drivernya
ธีรสิทธิ์ ศรีพรม,5,Positive,2026-04-09 21:13:31,สั่งของกินอหร่อย,
Minna Girl,5,Positive,2026-04-09 21:09:11,"I’ve been using this app for a while and it’s very convenient. Easy to book rides and order food, and the service is usually reliable.",ive using convenient easy book ride order food service usually reliable
Muhammad Akmal,5,Positive,2026-04-09 21:06:02,Grab app is best for texi and food delivery,best texi food delivery
Jovial Ramos,5,Positive,2026-04-09 20:48:51,Convenient for rides and food delivery. Easy to book and track.,convenient ride food delivery easy book track
enjigoo Elkono,1,Negative,2026-04-09 20:32:59,EXPENSIVE GRAB UNLIMITED USELESS,expensive unlimited useless
Lin Linaung4392,5,Positive,2026-04-09 20:32:40,super good,super good
Asyraff Black,5,Positive,2026-04-09 20:26:22,sempoi,sempoi
Asma Hofra,1,Negative,2026-04-09 20:13:41,"whatever you do, do not use grab food in Malaysia.",whatever food malaysia
Joanne Kremmer,5,Positive,2026-04-09 20:05:51,good rides with friendly and polite drivers.,good ride friendly polite driver
QISYA KHADEEJA 2,1,Negative,2026-04-09 20:03:37,susah giler nak cancel grab food order ke apa...giler ssh,susah giler nak cancel food order apagiler ssh
JIK TAN,5,Positive,2026-04-09 19:57:38,very good,good
Minh Dương,1,Negative,2026-04-09 19:43:37,mãi thua xanh. chỉ biết vào ghép công thức xong hút tiền chả quan tâm gì về cải thiện trải nghiệm của cả khách hàng lẫn tài xế.,thua xanh bit ghp cng thc xong tin quan thin tri nghim khch hng
Amiel Garcia,1,Negative,2026-04-09 19:40:19,Food delivery were always delayed!,food delivery always delayed
Yanguu,1,Negative,2026-04-09 19:16:29,"Mana udh mahal, ngasih driver 15menit keatas away. ???",mana udh mahal ngasih driver menit keatas away
Isaik Isaik Mahamad,5,Positive,2026-04-09 19:01:06,all good,good
Pro Player,5,Positive,2026-04-09 18:51:56,good👍,good
Allyssamae Lawiyan,5,Positive,2026-04-09 18:28:47,"this grab makes my life easier. helps me too much, everything you need in rush thanks",make life easier help much everything need rush thanks
Tanishka,5,Positive,2026-04-09 18:15:42,"Very convenient for rides, food delivery, and payments. Reliable service and user-friendly interface. Makes daily life easier",convenient ride food delivery payment reliable service userfriendly interface make daily life easier
hello kitty,1,Negative,2026-04-09 18:07:33,driver ask to cancel. but i as a cust need to pay RM3. lol shame on u grab,driver ask cancel cust need pay lol shame
Wilson Sia,5,Positive,2026-04-09 17:34:38,Good delivery and friend rider,good delivery friend rider
Sahidah Razali,1,Negative,2026-04-09 17:18:18,"This support experience was extremely frustrating. There was no clear explanation given, and the chat was ended suddenly. The issue was urgent and affected my ability to use Grab. I expect clearer communication and proper assistance when reaching out for help.",support experience extremely frustrating clear explanation given chat ended suddenly issue urgent affected ability expect clearer communication proper assistance reaching help
Thuch Key,5,Positive,2026-04-09 16:53:39,good luck,good luck
Vincent Surya,1,Negative,2026-04-09 16:43:29,"SUDAH MENUNGGU DRIVER BEGITU LAMA, DRIVER BISA CANCEL DAN OPER SAYA KE DRIVER LAIN, SAAT SAYA MAU CANCEL DRIVER BEGITU LAMA TETAPI TIDAK BISA, YANG ADIL LAH !",sudah menunggu driver begitu lama driver bisa cancel dan oper saya driver lain saat saya mau cancel driver begitu lama tetapi tidak bisa yang adil lah
Nurul Najwa,5,Positive,2026-04-09 16:34:38,i enjoy using this app daily,enjoy using daily
Noah Teshikama,5,Positive,2026-04-09 16:32:53,got my drink early:>,got drink early
Rita Mandal,5,Positive,2026-04-09 16:13:42,This app is very good and useful for all.... specially for students.... This app save life.,good useful specially student save life
Minda and Romy Panday,5,Positive,2026-04-09 15:42:42,book this grab. He is excellent driver.,book excellent driver
Shah Firo,5,Positive,2026-04-09 15:35:18,good driver,good driver
Adrian Jayadiputra,1,Negative,2026-04-09 15:26:51,Lho kok dihapus komentar saya? Betul berarti ya cara scam minuman gratis lewat aplikasi ini ? 😂😂😂😂😂,lho kok dihapus komentar saya betul berarti cara scam minuman gratis lewat aplikasi ini
annie Yap,5,Positive,2026-04-09 15:17:49,"So convenient! I just learned how to use it. Thank you, my dear son ❤️ who teached me to use grab",convenient learned thank dear son teached
Arthur Kwan,1,Negative,2026-04-09 14:57:52,"There used to be an option in the app to tip grabfood drivers 10baht but it's gone now, why change?",used option tip grabfood driver baht gone change
wysen tee,1,Negative,2026-04-09 14:54:30,"Disappointed on grab food order. continuous multiple time that after placing order, no rider is taking up the order after 50 minutes! very difficult to reach customer support for cancellation as auto cancel is not allowed.",disappointed food order continuous multiple time placing order rider taking order minute difficult reach customer support cancellation auto cancel allowed
cweet sweet,1,Negative,2026-04-09 14:47:20,I Dont Why I was bannef from grab.. Just Want to use app ... so sad,dont bannef want sad
Catherine Dela cruz,5,Positive,2026-04-09 14:40:15,masarap siya subra,masarap siya subra
Peter Lewinsky,5,Positive,2026-04-09 14:12:48,excellent service by driver,excellent service driver
Pauu Lenee,5,Positive,2026-04-09 14:03:30,very good,good
Tony Nguyen,1,Negative,2026-04-09 14:00:00,Horrible service and it's getting worse. Ordering a meal from a restaurant 10mins drive took me 2 hours waiting. AI support is not helping and live agent is just waiting to close the chat.,horrible service getting worse ordering meal restaurant min drive took hour waiting support helping live agent waiting close chat
Wee Hong Tan,1,Negative,2026-04-09 13:46:38,Grab customer service support sucks. I cant get help to disable the grab pay later which is causing alot of inconvenience. topping up to Grab Wallet and encounter issues with QR Code and CC topup. keep telling me I need set validation without tell me where can I do it.,customer service support suck cant help disable pay later causing alot inconvenience topping wallet encounter issue code topup keep telling need set validation without tell
Yi Joe,2,Negative,2026-04-09 13:39:51,"The message displayed that the driver was nearby and i waited 30 minutes, only for the driver to keep getting farther away and completely stop moving.",message displayed driver nearby waited minute driver keep getting farther away completely stop moving
eiswe swe,5,Positive,2026-04-09 13:34:30,good app,good
Aaditya Sain,5,Positive,2026-04-09 13:21:14,nice,nice
Joe Cesar Medina (Jay),1,Negative,2026-04-09 13:07:59,useless app.,useless
Spade XI,1,Negative,2026-04-09 12:49:48,"I loved this app because of the convenience it provided. But now that I'm living in a different location I'm having problems with it. The usual features such as Car, Food, Mart, etc. isn't showing on my dashboard. Tried creating a ticket for it and those features showed up only for a few hours on that day, then disappeared again afterwards.",loved convenience provided living different location problem usual feature car food mart etc isnt showing dashboard tried creating ticket feature showed hour day disappeared afterwards
Zion Allag,5,Positive,2026-04-09 12:34:08,App has improved over the years!,improved year
George Sanchez,1,Negative,2026-04-09 11:23:23,"vouchers are only up for a few minutes. by the time you make an order, they suddenly become unavailable. this happens almost everytime i order food. foodpanda better.",voucher minute time make order suddenly become unavailable happens almost everytime order food foodpanda better
KhinThiri Win,1,Negative,2026-04-09 11:15:13,"This app is really terrible. It’s completely unusable. The drivers take advantage of customers—they accept the ride request but don’t come to pick you up. Instead, they ask the customer to cancel the order, and the customer ends up having to pay a 1,000 kyat cancellation fee.",really terrible completely unusable driver take advantage customersthey accept ride request dont come pick instead ask customer cancel order customer end pay kyat cancellation fee
Maria,5,Positive,2026-04-09 10:58:34,"service always give their best, you can see how grab give improvement to meet the needs for both. making life easier.",service always give best see give improvement meet need making life easier
Gim Theng Wee,5,Positive,2026-04-09 09:53:09,He was very professional and helpful!,professional helpful
MRC_Randy Robante,5,Positive,2026-04-09 09:05:43,very easy to use,easy
Blezzy Arcenabusog,5,Positive,2026-04-09 08:29:04,nice,nice
Nurulbahtiah Mahmud Mahayudin,3,Neutral,2026-04-09 07:53:45,"When using grab car, cannot select no tol road. many time the total cost plus tol kinda hidden cost that we not aware. driver follow the route based on grab apps. please add this features, non traffic time can use normal road no need use tol. driver can decide to accept or not",using car select tol road many time total cost plus tol kinda hidden cost aware driver follow route based apps add feature non traffic time normal road need tol driver decide accept
Mackenzie Andrian,5,Positive,2026-04-09 06:08:07,I really love this transportation app so far. There's really play such a good roles and runs a great business.,really love transportation far there really play good role run great business
Frederick Burkle,4,Positive,2026-04-09 05:24:09,app doesn't do a good job of showing driver my location,doesnt good job showing driver location
nabaya crisanta,5,Positive,2026-04-09 00:31:52,great job,great job
Maxx Zhe Ming Cheong,1,Negative,2026-04-09 00:25:42,Recently i have a very bad experience on my previous ride from airport to home. First，i order the grab and due to the long duration for driver to confirm，i cancelled it and order again after a few minutes. Then，the grab driver again take a long duration to confirm so i cancelled it again. But after a few minutes，grab driver suddenly call me and said he has arrived. Why does it happened？Also the fee from airport to my home when i order was only RM17，why end up grab deduct RM32 from my wallet？,recently bad experience previous ride airport home firsti order due long duration driver confirmi cancelled order minute thenthe driver take long duration confirm cancelled minutesgrab driver suddenly call said arrived happenedalso fee airport home order rmwhy end deduct wallet
jenara's art and more,5,Positive,2026-04-09 00:22:42,super ease of navigation. extremely intuitive and high available and very deterministic,super ease navigation extremely intuitive high available deterministic
Karma Alfie Herradura,1,Negative,2026-04-09 00:04:10,Your lack of concern with how your driver treated Xyril Manabat is disgusting. Mahal na nga ng pamasahe nyo nag eemploy pa kayo ng mga kupal at manyak.,lack concern driver treated xyril manabat disgusting mahal nga pamasahe nyo nag eemploy kayo mga kupal manyak
nagaraja nagaraja,5,Positive,2026-04-08 23:53:35,great app for transport and food delivery,great transport food delivery
Líder MARTÍNEZ,5,Positive,2026-04-08 21:58:07,La mejor app para disfrutar tu estadía en Southeast Asia,mejor para disfrutar estada southeast asia
TheProblemChild,5,Positive,2026-04-08 20:47:05,A+,
Blue Blue,5,Positive,2026-04-08 20:45:51,good,good
Graham Woodward,5,Positive,2026-04-08 19:52:15,very polite,polite
Krishana Mr Krishna,5,Positive,2026-04-08 19:37:46,nice 👍👍,nice
adriana mohamad,1,Negative,2026-04-08 19:25:51,"bad experience, banyak kali saya kena dengan grab ni, dapat driver tunggu 10 minit cancel or finding new driver, once you accept customers just accept la. Bukan sekali saya kena every time I use grab kena macam ni, if tempat tu senang dapat driver takpe la, saya tunggu lama. Deserve 1 star, please improve your driver.",bad experience banyak kali saya kena dengan dapat driver tunggu minit cancel finding new driver accept customer accept bukan sekali saya kena every time kena macam tempat senang dapat driver takpe saya tunggu lama deserve star improve driver
H3llCat hellcat,5,Positive,2026-04-08 19:18:33,driver is fast and courteous. great service,driver fast courteous great service
Pandubagaskoro Nayotama,1,Negative,2026-04-08 19:18:14,ketika hujan mustahil dapat driver,ketika hujan mustahil dapat driver
Shidah Shahidah,5,Positive,2026-04-08 19:18:05,very good service,good service
Gabriel Emmanuel,1,Negative,2026-04-08 19:14:03,"Poor Help Centre, unable to help / resolve issue requested. Receive e-receipt valued different than payment made. Although repetitively explained and even requested to speak to support agent.. I just given up..",poor help centre unable help resolve issue requested receive ereceipt valued different payment made although repetitively explained even requested speak support agent given
Unholy Grave,1,Negative,2026-04-08 18:58:19,what's wrong with the connection in this app? i can play multiplayer games with a smoother experience with no lag spikes yet Grab can't even open or load the app correctly. fix your connection issues because it constantly pisses me off as it sets off at the worst times,whats wrong connection play multiplayer game smoother experience lag spike yet cant even open load correctly fix connection issue constantly piss set worst time
Serina Fan,2,Negative,2026-04-08 18:46:58,能不能准时送达食物可以不要一直推迟吗？我从5点叫餐到现在都还没到到底要怎样？尊重别人懂吗？到底有没有礼貌哦！,
Jay Calunsag,5,Positive,2026-04-08 18:42:31,excellent work🤟,excellent work
Arief Rahmat Saputra,1,Negative,2026-04-08 18:41:43,"kok ongkos grabbike farebid padang sehari naik, sehari turun, itu gimana ceritanya paman? kalau naik, naik aja paman gak usah turun. jadi bisa saya pindah ke aplikasi lain dan uninstall grab.",kok ongkos grabbike farebid padang sehari naik sehari turun itu gimana ceritanya paman kalau naik naik aja paman gak usah turun jadi bisa saya pindah aplikasi lain dan uninstall
Sheik Nizar,5,Positive,2026-04-08 18:08:20,nice,nice
ADNIZA ADNAN,5,Positive,2026-04-08 17:27:20,service terbaik,service terbaik
Ming Yong,5,Positive,2026-04-08 17:15:24,"great driver, polite",great driver polite
Geraldine Phasey,5,Positive,2026-04-08 16:54:58,safe driver and helpful with my luggage.,safe driver helpful luggage
Fadel A Rahman,2,Negative,2026-04-08 16:44:34,"Tolong edukasi driver2nya yg buang2 waktu fikir order fiktif,beri tanda atau apapun agar setiap akun terlihat bukan seperti yg fake",tolong edukasi drivernya buang waktu fikir order fiktifberi tanda atau apapun agar setiap akun terlihat bukan seperti fake
rafique daniel,1,Negative,2026-04-08 16:28:41,keeping postponing the ETA.. please remove the multiple delivery order..useless . am hungry,keeping postponing eta remove multiple delivery orderuseless hungry
ritchie apay,5,Positive,2026-04-08 16:27:09,Nice,nice
Rafata Altaf,1,Negative,2026-04-08 16:17:19,"saya pesen pagi untuk berangkat kerja aja susah padahal pesen mobil juga biar ga kehujanan. pelayanan publik kok kaya gini, makin lemot ya sekarang aplikasi nya",saya pesen pagi untuk berangkat kerja aja susah padahal pesen mobil juga biar kehujanan pelayanan publik kok kaya gini makin lemot sekarang aplikasi nya
May htet Paing,5,Positive,2026-04-08 15:52:32,အဆင်ပြေပါတယ်အများကြီးပိုပီးအောင်မ့င်ပါစေ,
Risye Rahmawati,3,Neutral,2026-04-08 15:43:01,sering error kenapa ya?,sering error kenapa
M. I. Fadhil,1,Negative,2026-04-08 15:13:12,stop cancelling orders when the food is ready but the system is unable to find a driver either hold drivers accountable or find another way to resolve these situations that doesn't inconvenience both customers or vendors also stop delaying orders for no clear reason this app is really going down the drain,stop cancelling order food ready system unable find driver either hold driver accountable find another way resolve situation doesnt inconvenience customer vendor stop delaying order clear reason really going drain
BRANDT Lothar,5,Positive,2026-04-08 15:12:03,Great fast service.,great fast service
Zin Mg,5,Positive,2026-04-08 14:56:02,good,good
Rufina Pepito,3,Neutral,2026-04-08 14:53:59,grAb taxi. very usable for early morning trip,taxi usable early morning trip
PAULINE JOYCE DULAY,3,Neutral,2026-04-08 14:29:26,Please expand your location options.,expand location option
paolo galvez,1,Negative,2026-04-08 14:05:35,"BAD EXPERIENCE,I WILL NEVER USE THIS APP OR RECOMMEND TO MY FRIENDS AND FAMILY",bad experiencei never recommend friend family
Muhammad Normal,5,Positive,2026-04-08 13:43:23,best food,best food
Garry Kewish,5,Positive,2026-04-08 13:07:42,Grab make it easy and simple,make easy simple
John Wick,5,Positive,2026-04-08 12:50:18,nice,nice
Quendy 24,5,Positive,2026-04-08 12:48:07,👍😊,
Balqis Nabilah,4,Positive,2026-04-08 12:43:20,answering the call but it doesnt connect to my earbuds as it is already connected to my phone~ instead i have to pick up the phone and put it on my ear,answering call doesnt connect earbuds already connected phone instead pick phone put ear
Ofek,2,Negative,2026-04-08 12:25:03,"הבחירת מיקום פשוט גרועה, לא נוח להבין איפה הנהג נמצא, הממשק לא נוח ולא מובן מספיק, ולפעמים לוקח הרבה זמן למצוא נהג",
Ira Yong,1,Negative,2026-04-08 12:24:08,"Driver was 6 mins away. The stupid system rerouted him onto another route which took 13 mins instead, and no, there was no accident or delay on the 6 min route. Come on, how long have you guys been running this system, still making such elementary mistakes?",driver min away stupid system rerouted onto another route took min instead accident delay min route come long guy running system still making elementary mistake
Flava,1,Negative,2026-04-08 11:27:47,"Well, after yesterday's event where my RM 295 gone due to failure of topping up wallet, and the money still not refunded to my bank account, I am hereby announce that I quit using Grab. Thank you for everything. God bless you for that stolen money 🙏🏻",well yesterday event gone due failure topping wallet money still refunded bank account hereby announce quit using thank everything god bless stolen money
diana hazel aguila celino,5,Positive,2026-04-08 10:33:18,good,good
Flore Coessens,1,Negative,2026-04-08 10:25:10,just. no.,
Rajinivinoth S,5,Positive,2026-04-08 10:08:57,useful 👍,useful
Clarito Bojangin,5,Positive,2026-04-08 09:57:37,very satisfied..at Ang bait p Ng drayber. thank you po Ng marami grabb,satisfiedat ang bait drayber thank marami grabb
Bhup Bahadur Budhathoki,5,Positive,2026-04-08 09:44:55,good,good
Gumdong Madasig,1,Negative,2026-04-08 09:42:05,the service is not that good enough and the drivers wasn't responsible for any emergencies occur,service good enough driver wasnt responsible emergency occur
Tan Hendarto,1,Negative,2026-04-08 09:19:46,too much ads,much ad
Zulkifle Brahim,5,Positive,2026-04-08 09:11:05,good,good
MD Raffiq,5,Positive,2026-04-08 09:02:57,good,good
ichigo ide,1,Negative,2026-04-08 08:33:44,Grab discount not working properly. 90% of the restaurants do NOT have discount.,discount working properly restaurant discount
JSK,5,Positive,2026-04-08 03:12:57,Great,great
leandro Gabriel,5,Positive,2026-04-08 00:29:50,awsome,awsome
Jm Quijote,5,Positive,2026-04-08 00:03:58,Excellent,excellent
Sarah Jalotjot,1,Negative,2026-04-07 23:18:49,"some riders are incompetent, the application needs improvement especially in calls and other methods contacting the recepient",rider incompetent application need improvement especially call method contacting recepient
Sonnet Hyaluronate,1,Negative,2026-04-07 22:59:40,"i have an overall good experience for operational wise. it's just...kinda hypocritical of you for having ""green programme contribution"" while continuously using generative AI for your content and app icons. not only they look uglee, but it's not-so eco-friendly choice to make. i commissioned real human artist for a customized pfp to my liking with my own saving, i think a big company with (supposedly) integrity like you would have bigger budget for hiring one as well, right?",overall good experience operational wise justkinda hypocritical green programme contribution continuously using generative content icon look uglee notso ecofriendly choice make commissioned real human artist customized pfp liking saving think big company supposedly integrity like bigger budget hiring well right
Eta Sinuhaji,5,Positive,2026-04-07 22:52:48,guud job,guud job
Stygian ?,1,Negative,2026-04-07 22:52:21,"so many fake promos, the audacity",many fake promos audacity
Rahul Choudhari,1,Negative,2026-04-07 22:46:20,unavailable in my area,unavailable area
R s,1,Negative,2026-04-07 22:16:57,sangat sulit dpt bantuan dari support. dan depat hanya chatbot . nambah berikan salah informasi. katanya sopir sudah dpt. padahal tidak ada. makin hari makin muak sama raid apps.,sangat sulit dpt bantuan dari support dan depat hanya chatbot nambah berikan salah informasi katanya sopir sudah dpt padahal tidak ada makin hari makin muak sama raid apps
Anna Devi G.Subramaniam,3,Neutral,2026-04-07 21:14:36,I WAS TOTALLY DISAPPOINTED WHEN I WAS SCAMMED AND CHEATED AND LIED BY A MALAY DRIVER MAROON CAR CANCELLED AND NEVER TURNED UP BUT BLAME I FAILED TO SHOW UP. I WAS CHARGED RM 3 FOR HIS MISTAKES. THE SAME ISSUE'S HAPPENED TWICE BEFORE. MALAY LADY WAS RUDE AND SARCASTIC AFTER I WAS INSIDE HER CAR. PLEASE TAKE A GOOD HONEST DRIVER WHO FEAR GOD JESUS CHRIST. HE IS WATCHING,totally disappointed scammed cheated lied malay driver maroon car cancelled never turned blame failed show charged mistake issue happened twice malay lady rude sarcastic inside car take good honest driver fear god jesus christ watching
Adityo Nugroho,1,Negative,2026-04-07 21:05:56,opsi reguler sm hemat ternyata sama saja lamanya! tau gini pake hemat aja sekalian..,opsi reguler hemat ternyata sama saja lamanya tau gini pake hemat aja sekalian
Sunny O 'sulevan,5,Positive,2026-04-07 20:56:39,nice was funny good guy,nice funny good guy
Adrian foister,5,Positive,2026-04-07 20:39:14,excellent service around,excellent service around
Rey Nunez,5,Positive,2026-04-07 20:32:20,very good apps,good apps
Kavitha,5,Positive,2026-04-07 20:30:34,very friendly driver,friendly driver
MD AZIZBB,5,Positive,2026-04-07 19:36:02,👌,
Gulengz “Gulengz”,1,Negative,2026-04-07 19:31:16,Editing my rating from 4 stars to 1.this app enables riders to scam your money and does not deliver your goods. Yet their feedback system takes days to reply with a single question and then ghost you again with to resolution.,editing rating star enables rider scam money deliver good yet feedback system take day reply single question ghost resolution
"Christian Caballes, M.D.",1,Negative,2026-04-07 19:18:47,"Does not support landscape mode. It's ""sooo sloooow"" to open despite my phone having a Mediatek Dimensity 8300 chipset. Plus, too many advertisements.",support landscape mode sooo sloooow open despite phone mediatek dimensity chipset plus many advertisement
Mariani Manan,5,Positive,2026-04-07 19:09:32,Service pengantaran tip top...food nya teruk..tdk berbaloi dgn harga nya mcm kita kambing .. indah gambar dr rasa..my first time n last time beli di Subway...😑,service pengantaran tip topfood nya teruktdk berbaloi dgn harga nya mcm kita kambing indah gambar rasamy first time last time beli subway
aini nabilah,1,Negative,2026-04-07 18:46:31,"suddenly rider said i pinned to wrong location when i put the address correct already. then when rider call grab says to just ""send it to the pin location"". what a joke! the rider tried to scam said he can bring it to the address but need to pay more. funny thing is he asked for my whatsapp pretty sure to avoid grab from ban him. please pick cash for payment so rider won't just leave us hanging and grab won't just asked rider to ""leave it there"" lol. great job at driving your customer away.",suddenly rider said pinned wrong location put address correct already rider call say send pin location joke rider tried scam said bring address need pay funny thing asked whatsapp pretty sure avoid ban pick cash payment rider wont leave hanging wont asked rider leave lol great job driving customer away
Leony Sutanto,4,Positive,2026-04-07 18:39:59,"Great in-app experience so far, it's just when I wanna give 5 star ratings to drivers, the section ""Yay! What impressed you?"" is not friendly enough when I wanna select all the options. Better make it up-down rather than left-right since it takes more effort to select and swipe left and select the rest. But when it's up-down we could just select it all without swiping since we use our phone mostly in portrait mode. I hope u get what I mean. Thank u.",great inapp experience far wan give star rating driver section yay impressed friendly enough wan select option better make updown rather leftright since take effort select swipe left select rest updown select without swiping since phone mostly portrait mode hope mean thank
Getsantia Aura,1,Negative,2026-04-07 18:26:46,"JANGAN PAKE AI, GA MODAL BANGET",jangan pake modal banget
Irene Gallego,5,Positive,2026-04-07 18:05:15,good,good
Carla T Trimmel,5,Positive,2026-04-07 17:59:43,"Used in vietnam, Cambodia and bangkok. It's so easy to use. My drivers were generally quick, less than 5 min wait. I only waited about 10 mins when I ordered a car once during peak hours. I had no problems with the app over 3 weeks of using it and drivers were very professional. Top app.",used vietnam cambodia bangkok easy driver generally quick less min wait waited min ordered car peak hour problem week using driver professional top
Thao Nguyen,5,Positive,2026-04-07 17:45:06,"Good service, fast delivery",good service fast delivery
Nadiah Mohamad Nadi Hm,5,Positive,2026-04-07 17:29:50,very slow this time my area i've been waiting more than a half hour....puchong tmn putra perdana,slow time area ive waiting half hourpuchong tmn putra perdana
alia akabane,1,Negative,2026-04-07 17:01:41,"Saya pesan GrabBike XL karena bawa barang besar, tapi driver datang dengan motor kecil (Jupiter) dan tidak sesuai untuk layanan XL. Driver juga baru memberi tahu saat hampir sampai. Ini sangat tidak sesuai dengan layanan yang saya pesan dan cukup merugikan.",saya pesan grabbike karena bawa barang besar tapi driver datang dengan motor kecil jupiter dan tidak sesuai untuk layanan driver juga baru memberi tahu saat hampir sampai ini sangat tidak sesuai dengan layanan yang saya pesan dan cukup merugikan
Louise Viñegas,1,Negative,2026-04-07 16:44:03,I can't log in!,cant log
Bagus Himawasto,1,Negative,2026-04-07 16:20:52,datang lama banget Dan gak nyaman,datang lama banget dan gak nyaman
violin alya syafa kamila,4,Positive,2026-04-07 16:08:37,"semua oke, tp aplikasi nya suka error",semua oke aplikasi nya suka error
Gailyn,1,Negative,2026-04-07 15:57:39,don't know why the service in Singapore and road navigation is really poorly planned. routes are bad. really horrible . don't know who is the brains behind the route maybe need to go for refresher course,dont know service singapore road navigation really poorly planned route bad really horrible dont know brain behind route maybe need refresher course
Татьяна Шерстнева,5,Positive,2026-04-07 15:45:07,cool app. very convenient,cool convenient
kel lagdamen,5,Positive,2026-04-07 15:21:17,love the app. so perfect all the time,love perfect time
Jennilyn Umali,5,Positive,2026-04-07 14:57:20,nice app,nice
Ye Tun Ye,3,Neutral,2026-04-07 14:35:09,"I used to get a grab taxi for everyday travel but these days is a literal game of waiting for a driver to accept the taxi but they will always ask you to cancel due to ""Can't come to you because of Inconvenience"" I literally rode many rides and only these days are the driver like this",used taxi everyday travel day literal game waiting driver accept taxi always ask cancel due cant come inconvenience literally rode many ride day driver like
Zhafira I.P,1,Negative,2026-04-07 14:34:23,ai slop 😮‍💨 go recruit the artist back brochacho,slop recruit artist back brochacho
Mavie Martos Bongon,1,Negative,2026-04-07 14:02:01,HINDI SUMUSUNOD SA LOCATION LOLLLLLL,hindi sumusunod location lollllll
Shinelwin moeaung66,5,Positive,2026-04-07 13:56:25,All good,good
Ryan Coughlin,1,Negative,2026-04-07 13:53:53,Please give us a way to talk to a customer service representative,give way talk customer service representative
Durga Guna,5,Positive,2026-04-07 13:38:53,Super convenient for transport and food delivery. Drivers are friendly and service is fast.,super convenient transport food delivery driver friendly service fast
Rabeeya Joy,5,Positive,2026-04-07 13:16:30,มีส่งฟรีบ่อยๆ,
Rodolfo Anola,5,Positive,2026-04-07 13:01:26,"this is my first time, no experience yet",first time experience yet
Myrna Yares,5,Positive,2026-04-07 12:44:31,vgood,vgood
Nolita Nalzaro,5,Positive,2026-04-07 12:32:45,Excellent,excellent
Izzuw Yana,5,Positive,2026-04-07 12:31:38,trbaik,trbaik
Muhd Fakhrul,5,Positive,2026-04-07 12:26:15,okay,okay
Zheng Yuan Lai (Lai),1,Negative,2026-04-07 12:06:38,"If you’re unable to fulfill food orders due to weather conditions, you should post a notice on the main page instead. Cancelling orders and removing the restaurant from search results makes it seem like the restaurant is unavailable. In reality, the issue is that Grab can't handle this situation.",youre unable fulfill food order due weather condition post notice main page instead cancelling order removing restaurant search result make seem like restaurant unavailable reality issue cant handle situation
Myat Mon,5,Positive,2026-04-07 11:55:49,good,good
Maze,3,Neutral,2026-04-07 11:54:42,"Kenapa sih nggak ada tombol cancel untuk user? saya sering disuruh cancel sama driver entah karena jarak dia jauh atau merchant tutup, tapikan user nggak bisa. Malah saya yang diteror nyuruh segera cancel. Berasa hopeless",kenapa sih nggak ada tombol cancel untuk user saya sering disuruh cancel sama driver entah karena jarak dia jauh atau merchant tutup tapikan user nggak bisa malah saya yang diteror nyuruh segera cancel berasa hopeless
moneth yurong,5,Positive,2026-04-07 11:37:23,easy and fast,easy fast
Hax,5,Positive,2026-04-07 09:08:42,I think it can be helpful to implement a button to indicate ERP/non-ERP route (and fastest alternative route) to protect both Grab drivers and support users' choices.,think helpful implement button indicate erpnonerp route fastest alternative route protect driver support user choice
Sithu Hein,5,Positive,2026-04-07 08:46:38,Sweet,sweet
Humming Bird,1,Negative,2026-04-07 08:43:59,"Order dan menunggu selama masa yg lebih dari sepatut. lepas tu tak response. Bila kami Call pun tak sambut. Lepas tu aku terpaksa cancel,sebab lama tunggu . Sistem charge cancel fee lagi.",order dan menunggu selama masa lebih dari sepatut lepas tak response bila kami call pun tak sambut lepas aku terpaksa cancelsebab lama tunggu sistem charge cancel fee lagi
Marionne Hofileña,5,Positive,2026-04-07 06:52:14,great,great
Nestor Doctolero Libao,5,Positive,2026-04-07 06:51:13,very good,good
Wong Mui Hung,5,Positive,2026-04-07 06:45:53,Great,great
Pupu,3,Neutral,2026-04-07 06:39:43,"sering error, sudah dapat driver tp masih searching. map tidak gerak driver sudah sampai banyak bug nya. team IT betulin dong",sering error sudah dapat driver masih searching map tidak gerak driver sudah sampai banyak bug nya team betulin dong
Lance Treize,3,Neutral,2026-04-07 04:45:33,Rates are relatively expensive compared to other competitors. Maybe worth the premium pricing for safety I guess.,rate relatively expensive compared competitor maybe worth premium pricing safety guess
Jia Jia,1,Negative,2026-04-07 02:46:52,"Love how the system assumes I can teleport directly into the car the moment the driver arrives. Unfortunately, I’m still a human being who needs a few seconds to be there. Also impressive how fast extra charges get applied.. zero hesitation there. Efficiency at its finest… just not in the areas that actually matter.",love system assumes teleport directly car moment driver arrives unfortunately still human need second impressive fast extra charge applied zero hesitation efficiency finest area actually matter
Andy Barnett,5,Positive,2026-04-07 01:14:28,"excellent driver, great entertainment all the way home",excellent driver great entertainment way home
abeyy baha,5,Positive,2026-04-07 00:54:20,Good and very polite driver,good polite driver
Jeffrey Ortiz,1,Negative,2026-04-07 00:15:12,"Scam company. dont connect the card here! or they charge you and not return your money back! make cash only! you can make an order and every driver that takes your order will wait a lot of time and not move then will call and ask to cancel, and the process can repeat a lot of hours. Why don't grab control the drivers they hire and not punish them for wasting client time? if you need to urgently go to the airport and still waste time in finding a drive for the drive you already was pre charged???",scam company dont connect card charge return money back make cash make order every driver take order wait lot time move call ask cancel process repeat lot hour dont control driver hire punish wasting client time need urgently airport still waste time finding drive drive already pre charged
Nuttaprop Vacharakornrawut,1,Negative,2026-04-06 23:40:48,ห่วยแตกครับ ส่งก็ช้า เรียกรถก็ช้า ราคาก็แพง หลังๆมาสั่งอาหารแม่งต้องช้าาาาออกไปตลอด,
Divina Bulac,5,Positive,2026-04-06 23:35:52,very convenient..so good,convenientso good
rome claver,5,Positive,2026-04-06 23:08:47,thanks grab,thanks
Shaown Ahamed,5,Positive,2026-04-06 23:05:04,good,good
Neisa Hibatillah,3,Neutral,2026-04-06 22:25:24,"cannot cancel booking while it took very long to find driver. also they said that ""you'll only be charged when the booking is completed"" but they always take ur money before. lastly there's no way to contact actual support on the app to ask for refund",cancel booking took long find driver said youll charged booking completed always take money lastly there way contact actual support ask refund
夜殤,1,Negative,2026-04-06 21:45:51,"totally no driver, wasting 40 minute to book a grab",totally driver wasting minute book
Jazzy Jazz,5,Positive,2026-04-06 21:41:54,"Great service, no complications",great service complication
Sajjad Ahmed,5,Positive,2026-04-06 21:40:16,one stop solution for transport and food if u visit Thailand,stop solution transport food visit thailand
Mark Jason Poblacio,4,Positive,2026-04-06 21:03:17,okay,okay
Amii,1,Negative,2026-04-06 20:42:00,app gak jelas susah banget dapet driver,gak jelas susah banget dapet driver
ANTON Z,5,Positive,2026-04-06 20:36:48,easy to find a car,easy find car
Vic Aiden,1,Negative,2026-04-06 19:42:53,ဘာတာဝန်ယူမှုမှမရှိတဲ့appပါ,
Pyae Gyi (Ax),5,Positive,2026-04-06 19:11:24,good apps,good apps
Htwe Htwe,5,Positive,2026-04-06 19:00:49,အဆင်ပြေတယ်,
Bud Dy,5,Positive,2026-04-06 19:00:05,very nice,nice
Charlie Golgota,5,Positive,2026-04-06 18:55:13,thanks you,thanks
Ace James Michael Jaingue,5,Positive,2026-04-06 18:43:31,I like it,like
Susan Lee,4,Positive,2026-04-06 18:22:47,work really well in Hanoi. very pleased with the app.,work really well hanoi pleased
Lupita Moza,1,Negative,2026-04-06 18:21:41,"i alr got a driver for my grabfood, but wdym he cancelled after more than 1 HOUR of me waiting. so now i need to wait for another person to pick up my order. even worse with the fact that its raining now, so i might have to wait for 2 hours maybe? lol. grab, please fix your system so that we can cancel grabfood driver.",alr got driver grabfood wdym cancelled hour waiting need wait another person pick order even worse fact raining might wait hour maybe lol fix system cancel grabfood driver
Alex Warren,5,Positive,2026-04-06 18:11:50,first time visiting Thailand it made it so easy to get food and go places without worry cant wait to use it again,first time visiting thailand made easy food place without worry cant wait
Kenny,5,Positive,2026-04-06 18:06:44,so far so good 😊,far good
Yan Naing win,5,Positive,2026-04-06 18:02:08,အရမ်းသုံးကောင်တယ် good,good
Flordeliza Boyles,1,Negative,2026-04-06 17:57:31,"ung mcdo lubao, nag deliver ng mc float fudge dito samin lusaw na at maasim na ing coke float hot fudge nung ininom ko konti di ko napansin nasuka ako",ung mcdo lubao nag deliver float fudge dito samin lusaw maasim ing coke float hot fudge nung ininom konti napansin nasuka ako
Brian Goldsmith,5,Positive,2026-04-06 17:31:45,Great,great
Danny Brubaker,5,Positive,2026-04-06 17:21:20,It's cheap and fun to use the scooters! 😀,cheap fun scooter
Jessica Sok netra,5,Positive,2026-04-06 17:19:41,very good 😊,good
AB Susilo,5,Positive,2026-04-06 17:08:46,excellent,excellent
Shattered Time,1,Negative,2026-04-06 16:48:04,"The support is the worst. In thailand they block my credit card several times without purpose while I use it on other apps with no problems. A taxi driver hit my phone and broke it, the support did nothing.",support worst thailand block credit card several time without purpose apps problem taxi driver hit phone broke support nothing
Ninong B,1,Negative,2026-04-06 16:28:53,Bawal mag cancel sa app nyo? Puro ai sumasagot sa support nyo magsara na kayo!,bawal mag cancel nyo puro sumasagot support nyo magsara kayo
sx 40,1,Negative,2026-04-06 16:21:27,it keeps deleting my basket when ordering from Robinsons Balagtas Town Center 🤦,keep deleting basket ordering robinson balagtas town center
Khamari Khamari,1,Negative,2026-04-06 16:03:45,ပစ္စည်းတစ်ခါပဲ ကျန်ခဲ့ဖူးတယ် အဲတစ်ခါ ပြန်မရဘူး,
Annabel Villa,5,Positive,2026-04-06 16:02:52,goodsss,goodsss
ashraf awatif,3,Neutral,2026-04-06 15:57:36,👍👍,
Mayukh Chatterjee,5,Positive,2026-04-06 14:46:27,Awesome App,awesome
Dini Hanim,1,Negative,2026-04-06 14:44:40,almost 2 hours waiting even the first duration estimated was an hour... Got cancelled also,almost hour waiting even first duration estimated hour got cancelled
Vincent Franglin,5,Positive,2026-04-06 14:31:38,Good,good
Japleen kaur,5,Positive,2026-04-06 14:31:20,"Grab is a very useful app for transportation and food delivery. Booking rides is quick and easy, and drivers are usually reliable. The app works smoothly and saves a lot of time. Highly recommended.",useful transportation food delivery booking ride quick easy driver usually reliable work smoothly save lot time highly recommended
Harveno Made,1,Negative,2026-04-06 13:50:54,"Sekarang setiap buka app grab selalu minta verify OVO, sangat mengganggu!",sekarang setiap buka selalu minta verify ovo sangat mengganggu
Nader Kabir,1,Negative,2026-04-06 13:48:19,Harganya sangat mahal 😰🤯😰🤯kota Makassar?Tidak ada promo??👎👎,harganya sangat mahal kota makassartidak ada promo
M. C.,4,Positive,2026-04-06 13:40:20,very good,good
Patrick Brian Baclayo,1,Negative,2026-04-06 13:40:18,"We fully paid for our order via GCash, but it never arrived. What’s worse is we were only refunded half of the payment. There was no proper accountability or resolution. Very disappointing experience.",fully paid order via gcash never arrived whats worse refunded half payment proper accountability resolution disappointing experience
Koay Chew Bin,5,Positive,2026-04-06 13:33:20,Polite driver.,polite driver
PICARD YOUNG,5,Positive,2026-04-06 13:29:54,solid app,solid
Michael Duhaylongsod,1,Negative,2026-04-06 13:25:14,"bad experience, all of your employees have bad attitude very unprofessional people",bad experience employee bad attitude unprofessional people
AK D,1,Negative,2026-04-06 12:52:25,Your new verification if not a robot is so annoying. Please go back to the standard one as nakakaubos ng oras especially kapag nagmamadali yung tao. It's not user friendly.,new verification robot annoying back standard nakakaubos oras especially kapag nagmamadali yung tao user friendly
Porli Den,5,Positive,2026-04-06 12:34:42,"I don't know that food can be paid in cash. Plus, the food vendor is quite responsive too.",dont know food paid cash plus food vendor quite responsive
NARENDRA “Pin2” KUMAR,1,Negative,2026-04-06 10:58:56,fully fake don't install,fully fake dont install
akhmam fahmi,5,Positive,2026-04-06 10:22:08,Ok,
Ramaes Varan,5,Positive,2026-04-06 10:07:35,Safe & Convenien,safe convenien
Toyo Yuniarto,1,Negative,2026-04-06 09:18:06,apa itu canceled fee . . . ci na,apa itu canceled fee
Robert Diloreto,1,Negative,2026-04-06 08:43:39,take your money through unfair charges no support.. all AI bots do not support such companies go look for ZIG,take money unfair charge support bot support company look zig
Rara Nabila Az Zahra,1,Negative,2026-04-06 07:58:20,"Pesanan masuk ke resto ataupun ke apotek tujuan SANGAT LAMBAT. MENDING PAKE APLIKASI SEBELAH, ANCURIN AJA NI APLIKASI",pesanan masuk resto ataupun apotek tujuan sangat lambat mending pake aplikasi sebelah ancurin aja aplikasi
name steps,1,Negative,2026-04-06 07:53:35,"The bug that prevents profile editing is very annoying, please fix it.",bug prevents profile editing annoying fix
Jesse LHS,1,Negative,2026-04-06 07:52:48,"selalu jauh kalau ngasih driver, pdhl yg dket banyak, no respect",selalu jauh kalau ngasih driver pdhl dket banyak respect
Iva Boii,4,Positive,2026-04-06 07:36:29,Friendly,friendly
"FAJARDO, JESSE JAMES B.",1,Negative,2026-04-06 07:09:39,"Been using grab for a long time and it served me well, until it charged me twice. I reported the problem and it replied immediately, but it said ""rest assured grab did not charge you twice"" even with a screenshot that it deducted twice. Boycotting this app and telling everyone I know to stop using grab.",using long time served well charged twice reported problem replied immediately said rest assured charge twice even screenshot deducted twice boycotting telling everyone know stop using
Aziz FG,1,Negative,2026-04-06 06:09:30,suka sengaja meng cancel orderan (bukan dr driver krn sudah tektokan dan driver mau ngambil pesanan) dengan dalih menaikkan harga/ongkos nya. curang banget,suka sengaja meng cancel orderan bukan driver krn sudah tektokan dan driver mau ngambil pesanan dengan dalih menaikkan hargaongkos nya curang banget
abel reen,1,Negative,2026-04-06 06:06:58,useless app . . making fare rate increase faster even driver decline . .,useless making fare rate increase faster even driver decline
Aun Roberts,5,Positive,2026-04-06 05:14:00,Truly a gamechanger for visitors!,truly gamechanger visitor
Genesis Arnaiz,5,Positive,2026-04-06 04:33:34,very helpful,helpful
Willy Magan,4,Positive,2026-04-06 04:26:26,verrygood,verrygood
Shraddha Gurram,5,Positive,2026-04-06 04:19:33,"Grab is very convenient for transportation and food delivery. The app is user-friendly, and the service is reliable. A must-have for daily needs!",convenient transportation food delivery userfriendly service reliable musthave daily need
Fery,1,Negative,2026-04-06 03:50:43,ini kenapa ya drivernya pada jauh bangettt,ini kenapa drivernya pada jauh bangettt
Nur Liyana Zainudin,1,Negative,2026-04-06 01:03:30,"Grab car prices are getting more and expensive now, the prices are not affordable have to wait a long time for the driver to accept the order, a lot of time wasted please improve customer service",car price getting expensive price affordable wait long time driver accept order lot time wasted improve customer service
Son Nguyen Hoang Thao,1,Negative,2026-04-06 00:04:02,"🤡 thiết nghĩ mấy ông nào đề xuất ra cái phương án ghép đơn nên bị đuổi tôi đặt đồ có nước đá và đc giao sau, tới nơi thì đá tan hết sạch các ông làm tính năng có nghĩ trước k vậy",thit ngh xut phng ghp giao sau tan sch tnh nng ngh trc
Sashka “Roy” Liang,1,Negative,2026-04-05 23:46:32,Utterly horrible. Zero compensation when you have been waiting half an hour for food only for it to get cancelled. This happens everytime,utterly horrible zero compensation waiting half hour food cancelled happens everytime
Rkar LinThant (Rkar LinThant),5,Positive,2026-04-05 22:49:01,Good App,good
Analyn Pe Benito,5,Positive,2026-04-05 22:44:19,"ok,poh great",okpoh great
Siti Maryam,1,Negative,2026-04-05 22:37:06,tidak bisa pake jastip dan bayar jastip nya pun gabisa pake ovo dan cash gatau kenapa.,tidak bisa pake jastip dan bayar jastip nya pun gabisa pake ovo dan cash gatau kenapa
M Haiqal,1,Negative,2026-04-05 22:29:08,"susah dapat driver sekarang mau food atau transport, please fix it",susah dapat driver sekarang mau food atau transport fix
lukas,5,Positive,2026-04-05 22:23:11,"easy to use, good security features, convenient way to travel or order food. highly recommended",easy good security feature convenient way travel order food highly recommended
hendra susanto,1,Negative,2026-04-05 22:22:02,"entah skarang jadi susah banget mesen ojol. entah kejauhan, dicancel mulu, atau ga di pickup. kacau dah apps nya skarang",entah skarang jadi susah banget mesen ojol entah kejauhan dicancel mulu atau pickup kacau dah apps nya skarang
Yohan Storehouses,1,Negative,2026-04-05 22:00:49,"sulitnya mendapatkan driver saat hujan, kalau malam sih wajar tapi kalau ufah mengulang 5x tidak ada pick up driver ini keterlaluan.",sulitnya mendapatkan driver saat hujan kalau malam sih wajar tapi kalau ufah mengulang tidak ada pick driver ini keterlaluan
Lisa,5,Positive,2026-04-05 21:40:58,"first time user, quick easy great driver",first time user quick easy great driver
Hà Nguyễn Ngân,1,Negative,2026-04-05 21:35:37,"Mình đặt sai địa chỉ, yêu cầu tài xế đổi địa chỉ thì không được đồng ý, yêu cầu tài xế hủy (vì chú ấy đã bấm bắt đầu chuyến rồi, mình không hủy được) thì chú ấy lại bảo Grab sẽ trừ tiền của chú ấy nên không hủy. Ok thì mình trả cho chú ấy số tiền bị charge thêm ngay lúc ấy là xong? Nhưng không, chú ấy bảo chú ấy có việc rồi chạy mất luôn, đến khi không kết thúc được chuyến hay gì thì mới yêu cầu 20k để hủy chuyến. Mình không đồng ý và giờ minh có chuyến grab dài gần 8 tiếng chưa kết thúc :D",mnh sai khng chuyn mnh khng tin khng mnh cho tin charge thm ngay xong nhng khng vic chy lun khi khng thc chuyn hay chuyn mnh khng minh chuyn ting cha thc
Md Hridoy,5,Positive,2026-04-05 21:10:15,very good driver,good driver
Petrus,1,Negative,2026-04-05 21:06:49,Grabcarnya sampah,grabcarnya sampah
Sahsyasubramaniam Sahsyasubramaniam,5,Positive,2026-04-05 21:04:38,transport is in time and food.,transport time food
Rizky Anugerah,1,Negative,2026-04-05 20:32:28,tarif murah jadi customer yg susah dapet driver!! gimana kalo buru²!!,tarif murah jadi customer susah dapet driver gimana kalo buru
Angelo Asas,5,Positive,2026-04-05 20:05:34,it's nice,nice
ឥសី ពិស្វាមិត្រ,3,Neutral,2026-04-05 20:00:24,"doesn't remove finished food orders, always retain them in a basket, which is prone to duplicate order.",doesnt remove finished food order always retain basket prone duplicate order
Fernando Idos,5,Positive,2026-04-05 19:49:13,"Very Convenient,Easy to order Realble people 100 percent Recommended.",convenienteasy order realble people percent recommended
Iqlima,5,Positive,2026-04-05 19:44:48,i really love this app they really did a great job I'm having trouble and asking for refund and they work is really fast i really appreciate it and I'm using this grab for a Year this app really help me going to school hangout with my friends and more very recommended if anyone struggle don't have any transportation just download this app!!!,really love really great job trouble asking refund work really fast really appreciate using year really help going school hangout friend recommended anyone struggle dont transportation download
Junar Nagor,5,Positive,2026-04-05 19:40:29,satisfied,satisfied
Liza,1,Negative,2026-04-05 19:35:50,Makanan tak sedap.. Harga mahal... Suo ayam pucat.. Tak berbaloi dgn harga.. Rasa kureng. Saya tak rekomen kedai ni.... Jgn beli.. Anda akan menyesal,makanan tak sedap harga mahal suo ayam pucat tak berbaloi dgn harga rasa kureng saya tak rekomen kedai jgn beli anda akan menyesal
Kexin Loh,1,Negative,2026-04-05 19:31:43,The grab help line said i did not put my unit number but i have used it for so long and there wasnt a issue till yesterday they said it wasnt there.It must have been a system fail or bug.,help line said put unit number used long wasnt issue till yesterday said wasnt thereit must system fail bug
Blurry Fac3,1,Negative,2026-04-05 19:16:45,Trash,trash
Azirah Hamdin,5,Positive,2026-04-05 19:07:44,Trbaik,trbaik
Joko Priyono,4,Positive,2026-04-05 18:57:27,it's helpful but sometimes driver won't pick up :(,helpful sometimes driver wont pick
Jhonzayn Valenton,5,Positive,2026-04-05 18:31:44,very convenient,convenient
ILHAM MUHAMMAD,5,Positive,2026-04-05 18:13:19,okay👌☺,okay
Ei nA,2,Negative,2026-04-05 17:56:38,"The last few times I have needed cars I am getting 1 or more cancellations. As I type this I am on driver 3 and wait time gone from 3 minutes to 4 to 5 and who knows how many more before I can get a car in the middle of KL golden triangle. There needs to be heavier cancellation penalties. 2026-04-05: 3rd food oder cancellation this year. Losing the plot here, guys.",last time needed car getting cancellation type driver wait time gone minute know many car middle golden triangle need heavier cancellation penalty food oder cancellation year losing plot guy
Ko Ko,5,Positive,2026-04-05 17:51:00,good,good
Nur Zulaiqa (Popeeeeye),5,Positive,2026-04-05 17:29:30,Very convenient for transport and food delivery. Reliable drivers and smooth booking experience every time.,convenient transport food delivery reliable driver smooth booking experience every time
Theint Theint Thu,5,Positive,2026-04-05 17:25:51,အဆင်ပြေပါတယ်ရှင်,
raymon brosnan,1,Negative,2026-04-05 17:11:36,"hey stupid,today and now i booking grab bike i choose not wrong but you automatic give ma grab cars,if i have a other option i not choose your app!!!.",hey stupidtoday booking bike choose wrong automatic give carsif option choose
Aung Thin,5,Positive,2026-04-05 17:09:40,good 👍,good
- &- &,5,Positive,2026-04-05 17:01:58,Highly recommended,highly recommended
IdentifiedAsUnknown,1,Negative,2026-04-05 15:07:35,horrible delays,horrible delay
Derwin E,3,Neutral,2026-04-05 14:47:54,"No issue with grab food so far for me. However for transport, in the recent update I am now unable to select specific pickup/dropoff point where you're located since now can only select default marked pickup/dropoff point which is a real hassle. The block I am staying is a long block with 3 lifts (A to C) but grab transport map default pickup/dropoff point near lift A which is about 100meters to lift C. Everytime need to message/call driver to let him know of correct pickup point. -_+",issue food far however transport recent update unable select specific pickupdropoff point youre located since select default marked pickupdropoff point real hassle block staying long block lift transport map default pickupdropoff point near lift meter lift everytime need messagecall driver let know correct pickup point
ivor hanzevacki,2,Negative,2026-04-05 14:40:39,App often has incorrect locations,often incorrect location
helmi helmawan,1,Negative,2026-04-05 14:34:03,"update aneh. UX food gajelas. cari makanan. keluar list opsi. pas klik salah satu hanya buka menunya bukan buka tokonya. normalnya, orang buka salah satu opsi mau lihat MENU YANG ADA DI TOKO TERSEBUT. ini malah dikasi rekomendasi MAKANAN DARI TOKO LAIN. stop spamming ads on my face.",update aneh food gajelas cari makanan keluar list opsi pa klik salah satu hanya buka menunya bukan buka tokonya normalnya orang buka salah satu opsi mau lihat menu yang ada toko tersebut ini malah dikasi rekomendasi makanan dari toko lain stop spamming ad face
Thành Nguyễn,1,Negative,2026-04-05 14:19:39,Đặt cùng món ăn nhưng muốn chọn thêm topping hay chọn size khác thì không cho? Không hiểu dev đang làm gì nhưng mình hơn 2 năm rồi không thấy fix hay cố tình?,cng nhng mun chn thm topping hay chn size khc khng cho khng hiu dev ang nhng mnh khng thy fix hay tnh
glenda Villaces sidhu,5,Positive,2026-04-05 14:10:00,"thnx po, on time",thnx time
Diemtruc Lieu,1,Negative,2026-04-05 13:13:03,app có rất nhiều lỗi,nhiu
haidir mohd,5,Positive,2026-04-05 13:12:59,great service and punctually on time.,great service punctually time
Muhamed Cicak,1,Negative,2026-04-05 13:06:49,worst ride hailing app i have ever witnessed,worst ride hailing ever witnessed
Suraj Khanal,5,Positive,2026-04-05 13:04:41,Any were going to the near by this grab car amazing service,going near car amazing service
ashok k,4,Positive,2026-04-05 12:53:25,rates shown high many times,rate shown high many time
Mohd Fazrul,5,Positive,2026-04-05 12:39:11,"Convenient for rides, food, and deliveries all in one place.",convenient ride food delivery place
Dewi Rusdiana,5,Positive,2026-04-05 12:13:48,"this application is useful but sometimes I find the rude driver that reminds me to give them tips in chat and after they arrive 😅 I always give the driver tip but if I found the one like this, I will think twice 🤔",application useful sometimes find rude driver reminds give tip chat arrive always give driver tip found like think twice
Diggy Dawg,3,Neutral,2026-04-05 11:58:25,"double charged me for a ride - took money from my Maya wallet and then put a hold on my grab wallet for the same amount and eventually never gave my money back, help desk was absolutely no help and couldn't even be bothered to check the charges and holds on my transaction - garbage app - useless employees. edit: it took over a month to resolve, they eventually removed the hold charge and returned the money to my grab wallet, changing from 1 to 3 star. Not happy with their delays and vagueness.",double charged ride took money maya wallet put hold wallet amount eventually never gave money back help desk absolutely help couldnt even bothered check charge hold transaction garbage useless employee edit took month resolve eventually removed hold charge returned money wallet changing star happy delay vagueness
Erlinda Marzon,5,Positive,2026-04-05 11:58:13,satisfied,satisfied
Hadi,1,Negative,2026-04-05 11:48:33,"always error unsuccessful grab food booking using company credit card, worst customer service never actually fixed the issue it's more than a year and the issue is never actually resolved",always error unsuccessful food booking using company credit card worst customer service never actually fixed issue year issue never actually resolved
Marina Wong,5,Positive,2026-04-05 11:32:23,pemandu grab memang baik sangat,pemandu memang baik sangat
Hannah Chriz Ompoy,5,Positive,2026-04-05 11:24:21,nice experience,nice experience
alissya humairah,1,Negative,2026-04-05 11:15:39,LAMAAAAAA NUNGGU SAMPE SEJAMMM,lamaaaaaa nunggu sampe sejammm
yancy regner,5,Positive,2026-04-05 11:09:37,good service but has to be online payment cause if use COD it take a long time most driver won't accept COD😔😭,good service online payment cause cod take long time driver wont accept cod
Roger Escuadro,5,Positive,2026-04-05 11:02:55,yummy,yummy
pyay thartun,5,Positive,2026-04-05 10:58:50,မကောင်းဘူး ငှားတဲ့taxiသမားတွေကအပြောအဆိုညံ့တယ်,taxi
Ili Diana,1,Negative,2026-04-05 10:07:14,Price is increasing,price increasing
Long Tran,1,Negative,2026-04-05 09:47:03,stupid apps. Sử dụng thẻ chính chủ mà không thanh toán được. Liên hệ với Customer Support mà trả lời như chat bot.,stupid apps dng chnh khng thanh ton lin customer support chat bot
Faraliza Lias,1,Negative,2026-04-05 09:02:21,Poor services.,poor service
Liahjay Quezada,5,Positive,2026-04-05 09:01:59,good,good
Gecko,2,Negative,2026-04-05 08:54:42,Doesn't show discounts on delivery fees even when subscribed to Grab Unlimited and the chatbot just loops and doesn't connect to any real agent.,doesnt show discount delivery fee even subscribed unlimited chatbot loop doesnt connect real agent
purefun,5,Positive,2026-04-05 08:53:16,Grab is consistently reliable. I use this app everyday. I love how quickly I can book a ride.,consistently reliable everyday love quickly book ride
Gary Sutcliffe,5,Positive,2026-04-05 08:24:56,very helpful and personable,helpful personable
Iggy Guir,5,Positive,2026-04-05 08:22:01,the best quality services,best quality service
Love from Light,5,Positive,2026-04-05 06:02:27,I keep this handy. This is useful when I am hungry or if it is hard to find a ride.,keep handy useful hungry hard find ride
Kristin Fuentes,5,Positive,2026-04-05 05:44:45,positive vibes,positive vibe
Pooky Egg (Ethan),1,Negative,2026-04-05 04:29:08,all the fees and delivery prices are hella expensive. and i didn't get a driver in time which make me late for my flight,fee delivery price hella expensive didnt driver time make late flight
El,1,Negative,2026-04-05 04:20:39,apps ga jelas mau bayar pake superbank udh isi tp saldo ga update,apps jelas mau bayar pake superbank udh isi saldo update
Analyn Arroja,5,Positive,2026-04-05 03:16:57,good,good
Sangeeta Chennuri,5,Positive,2026-04-05 02:59:56,nice app,nice
Shourya Rathod,4,Positive,2026-04-05 02:47:08,nice aap 😃,nice aap
Bien Gerome Ortiz,5,Positive,2026-04-05 02:40:17,good,good
hanung nugroho,1,Negative,2026-04-05 01:47:42,"Sangat tidak direkomendasikan bayar pakai kartu di Grab! Saya pesan GrabFood pakai Mastercard, ternyata merchant-nya tutup. Pesanan memang dibatalkan otomatis, TAPI DANA SAYA TIDAK LANGSUNG KEMBALI. Uang saya masih ""ditahan"" oleh Grab. Harusnya kalau merchant yang tutup, sistem bisa langsung membatalkan transaksi dan mengembalikan dana saat itu juga. Proses refund yang lambat ini sangat merugikan konsumen. Bikin kapok bayar non-tunai. dan saat ini terjadi lagi seperti ini 2 April 2026",sangat tidak direkomendasikan bayar pakai kartu saya pesan grabfood pakai mastercard ternyata merchantnya tutup pesanan memang dibatalkan otomatis tapi dana saya tidak langsung kembali uang saya masih ditahan oleh harusnya kalau merchant yang tutup sistem bisa langsung membatalkan transaksi dan mengembalikan dana saat itu juga prose refund yang lambat ini sangat merugikan konsumen bikin kapok bayar nontunai dan saat ini terjadi lagi seperti ini april
Blaze Xedit,1,Negative,2026-04-05 01:31:19,today I booked a grab for rm 45 and it instantly deducted the money from my card and then I waited for a grab driver but the time ran out and I didn't get a grab driver and WORST OF ALL I DIDN'T GET MY REFUND it's was from BSC(sungai buloh) to Taipan pls fix this and i hope i can get my refund,today booked instantly deducted money card waited driver time ran didnt driver worst didnt refund bscsungai buloh taipan pls fix hope refund
Syah mi,5,Positive,2026-04-05 00:57:20,app yang paling okey untuk transport,yang paling okey untuk transport
nur asilah (mummy buyong),5,Positive,2026-04-05 00:49:00,"easy to order grab car,food",easy order carfood
Anandhi Anu,5,Positive,2026-04-05 00:48:56,good,good
kechoz production,2,Negative,2026-04-05 00:38:58,"soke driver once almost reach to your pick up point, they will stay there for a bery long time then waited for 20min n cancel the grab",soke driver almost reach pick point stay bery long time waited min cancel
Teja Putra,5,Positive,2026-04-04 22:32:39,great super app,great super
Kholneo Kipgen,1,Negative,2026-04-04 22:24:37,"became more and more expensive and useless, 24/7 more expensive than others.",became expensive useless expensive others
Stephanie,5,Positive,2026-04-04 22:18:46,It was a bit difficult to navigate the app at first but the delivery riders were awesome and patient and they taught me how to proceed with my payments using my bank's app! using QRph. Thank you.,bit difficult navigate first delivery rider awesome patient taught proceed payment using bank using qrph thank
Kobo Chan,1,Negative,2026-04-04 22:08:07,"App paling t4i. Pesan makanan otomatis dibagi jd 2 driver. Kalau 1 driver kejauhan selalu cancel. Merchant ga mau cancel, driver yg 1 ga mau cancel. Orderan gantung terus. Moga² cepet bangkrut!!!",paling pesan makanan otomatis dibagi driver kalau driver kejauhan selalu cancel merchant mau cancel driver mau cancel orderan gantung terus moga cepet bangkrut
Rey an Marbebe,5,Positive,2026-04-04 22:04:35,good service,good service
Jana Ahmad,5,Positive,2026-04-04 21:03:41,رائع حقا ومفيد للغايه,
Saiful Bahrin Dolah,2,Negative,2026-04-04 20:58:09,Food rider sombong,food rider sombong
VARSHAN2011,5,Positive,2026-04-04 20:54:16,the order is very fast and delivery man is so friendly 😄,order fast delivery man friendly
N K,1,Negative,2026-04-04 20:51:07,"Grab, please evaluate! How hard to find a courier nowadays?! Ban whoever off bid in a certain period. I will revise this review once the regulation improves.",evaluate hard find courier nowadays ban whoever bid certain period revise review regulation improves
Yatik Judika,5,Positive,2026-04-04 20:34:50,keep it good,keep good
User Name,2,Negative,2026-04-04 20:13:01,"The app itself works fine, but too much drivers accept your ride without actually coming for you. they do other rides while you're waiting for them and sometimes when the app says they're 5min away, they don't move at all. And we can't even report them...",work fine much driver accept ride without actually coming ride youre waiting sometimes say theyre min away dont move cant even report
Adeef Lorencius Piturus,5,Positive,2026-04-04 19:57:47,"banyak diskaun, mudah guna, xde masalah langsung sepanjang guna app ni",banyak diskaun mudah guna xde masalah langsung sepanjang guna
RONNIE ONG,5,Positive,2026-04-04 19:30:55,good service,good service
Giuseppe Saroli Young old Timer,1,Negative,2026-04-04 19:25:39,I could not get the location on my phone I ordered a meal from my last hotel and charged me You cannot cancel,location phone ordered meal last hotel charged cancel
Habiqi,1,Negative,2026-04-04 19:23:50,sampah. order nunggu berjam-jam malah di-cancel. perbaiki optimasi ordernya,sampah order nunggu berjamjam malah dicancel perbaiki optimasi ordernya
Kitten Mimi,1,Negative,2026-04-04 19:23:06,"potongan aplikasi makin lama makin besar jadi kualitas driver di sini kakin lama makin buruk, pesan makanan tidak ada yang pickup, customer service juga cukup buruk karena anda hanya akan diputar putar oleh sistem/AI dan jarang akan terhubung dengan customer service sungguhan untuk mengatasi kendala atau driver yang menipu",potongan aplikasi makin lama makin besar jadi kualitas driver sini kakin lama makin buruk pesan makanan tidak ada yang pickup customer service juga cukup buruk karena anda hanya akan diputar putar oleh sistemai dan jarang akan terhubung dengan customer service sungguhan untuk mengatasi kendala atau driver yang menipu
Nemia Caniban bonto,5,Positive,2026-04-04 19:19:23,good,good
Cie Aquino,1,Negative,2026-04-04 19:12:25,"Ang Hirap magfollowup ng concern kasi mali ang order na dineliver sakin and they didn't even double check it before have it send to me, I have reported my concern to grab since I received my order but till now it hasn't solve my concern.",ang hirap magfollowup concern kasi mali ang order dineliver sakin didnt even double check send reported concern since received order till hasnt solve concern
Blanche Zaph,5,Positive,2026-04-04 19:07:01,friendly and helpful,friendly helpful
Vin H,1,Negative,2026-04-04 19:04:18,The most unreliable app in Jakarta right now. Waited for more than 90 mins for our food and turns out they couldn't find a driver without any notice or whatsoever from the app so we have to manually cancel our orders,unreliable jakarta right waited min food turn couldnt find driver without notice whatsoever manually cancel order
yhjitsh,2,Negative,2026-04-04 18:51:40,"sp poinless this app. its so annoying to share location, to look for the address where to go etc same on iphone......just like an old waze. would love to open more in google maps insteand their maps. also Vietnam some places are missmatching",poinless annoying share location look address etc iphonejust like old waze love open google map insteand map vietnam place missmatching
asyikin Kpmb,5,Positive,2026-04-04 18:49:27,convenience,convenience
Ilham Irhamsyah,1,Negative,2026-04-04 18:12:34,"grab lg error ya? ya masa 3x order grab food, delay terus, dr sisi merchant sdh siap, tp ketika pesanan sdh ready malah dpt divernya yg posisinya jauh dr merchant, akhirnya jd pd bete krn nunggu lama & pesanan datang sdh dlm keadaan dingin, pdhal sdh pilih prioritas... konsumen ga mgkn kasih nilai jelek ke merchant & driver, krn sama saja mengurangi rezeki mereka... agar diperbaiki pencarian driver terdekat dr merchant... udah bayar mahal eh dpt zonk...",error masa order food delay terus sisi merchant sdh siap ketika pesanan sdh ready malah dpt divernya posisinya jauh merchant akhirnya bete krn nunggu lama pesanan datang sdh dlm keadaan dingin pdhal sdh pilih prioritas konsumen mgkn kasih nilai jelek merchant driver krn sama saja mengurangi rezeki mereka agar diperbaiki pencarian driver terdekat merchant udah bayar mahal dpt zonk
Joshua Angelo Arellano,5,Positive,2026-04-04 17:45:38,"A great app that when im hungry, i have food delivered to me by grab.",great hungry food delivered
Lalisa Manoban,5,Positive,2026-04-04 17:23:26,A very useful all-in-one app! Transportation and food delivery are quick and convenient.,useful allinone transportation food delivery quick convenient
Lugnam S.,3,Neutral,2026-04-04 17:17:58,Stop this freaking stupid dual order if you can't make it proper for a driver to update on both chat! I have placed one order but selected for different restaurant and driver send me the pic of proof only one chat and I could not find another one as it was from the local so restaurant so therr is no bill attached!,stop freaking stupid dual order cant make proper driver update chat placed order selected different restaurant driver send pic proof chat find another local restaurant therr bill attached
Miseba,5,Positive,2026-04-04 17:12:12,"Grab is truly an 'everyday everything' app. I use it for my morning commute, ordering lunch via GrabFood, and even paying my utility bills. The GrabPay integration is seamless, especially with the PayLater option that helps me manage my monthly budget without needing a credit card. It’s a must-have for anyone living in or visiting Southeast Asia for pure convenience",truly everyday everything morning commute ordering lunch via grabfood even paying utility bill grabpay integration seamless especially paylater option help manage monthly budget without needing credit card musthave anyone living visiting southeast asia pure convenience
Keii Senseiii,1,Negative,2026-04-04 17:02:06,"This app is trash,why is ALL restaurant in my town unavailable in my app?i did everything i can and this app is very useless...?My other friends app grab works normally and shows all shops around our town, while my grab app says neither it doesn't exist or busy...ugh..",trashwhy restaurant town unavailable appi everything uselessmy friend work normally show shop around town say neither doesnt exist busyugh
sambas suryadi (sambis),3,Neutral,2026-04-04 17:01:20,"pas mau pake lgi buru² minta update, malesin banget. update boleh, tapi jangan maksa sampe gk bisa dopake kalo gak diturutin",pa mau pake lgi buru minta update malesin banget update boleh tapi jangan maksa sampe bisa dopake kalo gak diturutin
Y s,1,Negative,2026-04-04 16:49:07,cutlery should be given by default,cutlery given default
wan qhaisara,5,Positive,2026-04-04 16:35:47,goood,goood
Trung Tran,2,Negative,2026-04-04 16:28:33,"map ngu vãi, ghi rõ đường, tên cty, địa điểm mà k hiển thị vị trí ra để chọn được",map ngu ghi cty hin chn
Victoria cadauan,5,Positive,2026-04-04 16:02:22,good,good
Niko,1,Negative,2026-04-04 15:59:19,"udah sekitar 1 bulan ini, dapet driver hampir selalu jauh, udah vip masih ada opsi priority booking dan berbayar. maksudnya apa???",udah sekitar bulan ini dapet driver hampir selalu jauh udah vip masih ada opsi priority booking dan berbayar maksudnya apa
Khairin nisa,5,Positive,2026-04-04 15:39:18,"I would like to report an issue regarding my Grab account being suspended. I received a notice saying it was due to “abnormal activity,” but I believe this may be a mistake as I have not violated any terms or misused the platform. What concerns me more is that when I tried to register or log in using different phone numbers and even a different device, those accounts were also immediately suspended. I kindly request your team to review my case and clarify the reason behind this suspension.",like report issue regarding account suspended received notice saying due abnormal activity believe may mistake violated term misused platform concern tried register log using different phone number even different device account immediately suspended kindly request team review case clarify reason behind suspension
Mat BMX,5,Positive,2026-04-04 15:36:46,"Alhamdulillah, terimakaseh 🙏",alhamdulillah terimakaseh
Marah Mohammad,5,Positive,2026-04-04 15:08:46,👍👍,
RODOLFO FERNANDEZ JR,5,Positive,2026-04-04 14:52:42,useful and easy,useful easy
sjanadi pangestu,1,Negative,2026-04-04 14:29:38,grab bike parah!!! selalu dapat driver jauh dari lokasi penjemputan!!!!,bike parah selalu dapat driver jauh dari lokasi penjemputan
MD DAGIR KHAN,5,Positive,2026-04-04 14:08:35,good,good
Victor Petrus,1,Negative,2026-04-04 14:02:39,"A very bad experience, especially when you order Food grab. Not recommended for grab food delivery. better choose others app like food panda or else... the reason is simple, I wait for almost 1 hour for my food and in the end it keeps delayed. Annoying..I have given more tips before now I won't use this app for food delivery only transportation is recommended...",bad experience especially order food recommended food delivery better choose others like food panda else reason simple wait almost hour food end keep delayed annoyingi given tip wont food delivery transportation recommended
Saifulazlan Ramli,5,Positive,2026-04-04 13:52:19,Great experience so far. The features are useful and everything works perfectly.,great experience far feature useful everything work perfectly
Dinaa Almaghfira,5,Positive,2026-04-04 13:39:01,"sangat membantu, terimakasih. sukses terus💚💚💚",sangat membantu terimakasih sukses terus
Sharzein 47,5,Positive,2026-04-04 13:15:09,bagus,bagus
Mr.Lucky Shine,5,Positive,2026-04-04 12:58:55,good service,good service
DAT Nguyen,1,Negative,2026-04-04 12:54:58,"tài xế tự động hủy quá nhiều, đặt giao đồ hết 2 tài xế mà hết 2 người hủy cuối cùng phải bù thêm tiền cho chuyến mới. Quá tệ",nhiu giao ngi cui cng phi thm tin cho chuyn
Zullutfi Mahayuddin,1,Negative,2026-04-04 12:50:38,troublesome app,troublesome
Nang Ayob,1,Negative,2026-04-04 12:31:53,if its not 30 something fare it wont pick you up.. i hope in the future this app go broke,something fare wont pick hope future broke
Jonathan Karel,1,Negative,2026-04-04 12:19:28,Iklan di aplikasinya ganggu,iklan aplikasinya ganggu
วาย ยันโส,5,Positive,2026-04-04 11:53:31,good,good
Anh Tai Nguyen,5,Positive,2026-04-04 11:51:35,ok hơi lâu,
Choong Shoau Sean Ceem86,3,Neutral,2026-04-04 11:42:57,why tiada celcomdigi ....(Sigh)(sigh),tiada celcomdigi sighsigh
Sung Jin Woo,1,Negative,2026-04-04 11:15:00,"If you report something, customer service will think you're asking for a refund.",report something customer service think youre asking refund
Yesodha Spillai,1,Negative,2026-04-04 11:11:18,"on 1/4/2026, I booked grab to CIQ, the drive told his waiting at pondok police bantuan. But he was not there and cancelled, then made me pay RM 3. IM NOT HAPPY WITH THIS TYPE OF SERVICE",booked ciq drive told waiting pondok police bantuan cancelled made pay happy type service
Andre Niño Mogello,5,Positive,2026-04-04 10:59:39,fast and affordable,fast affordable
James Dean,1,Negative,2026-04-04 10:34:59,"Be careful giving them your card details. I was recently overcharged almost double the value of my journey by driver. In order to get refund, you must go through burdensome refund process, and you must do it in 3 days. Along with refund, I asked to be requested to provide authorisation for such charges in future and a small compensation for time spent on the issue. Both requests refused. System is dangerously favourable for drivers and too burdensome for customers.",careful giving card detail recently overcharged almost double value journey driver order refund must burdensome refund process must day along refund asked requested provide authorisation charge future small compensation time spent issue request refused system dangerously favourable driver burdensome customer
Razz Rj,5,Positive,2026-04-04 10:34:52,very good,good
Yu Htet,3,Neutral,2026-04-04 10:32:40,good,good
Shine Lay,5,Positive,2026-04-04 10:07:43,good,good
Li Na,1,Negative,2026-04-04 09:08:20,Lag,lag
Sunil Nepali,5,Positive,2026-04-04 08:33:50,good,good
maung kan,5,Positive,2026-04-04 07:43:43,ok,
Khairy Abdullah,5,Positive,2026-04-04 07:28:59,very polite and punctuality,polite punctuality
Ryan Joel Natuel,3,Neutral,2026-04-04 07:09:41,verrygood,verrygood
Yuliana Dinda,1,Negative,2026-04-04 06:08:07,"- CS Grab susah untuk di akses selain call center. Tolong sediakan CS by chat di aplikasi grab. - Pesan grabfood estimasi sampai sekitar 2 jam udah stress nih aplikasi. Gabisa di cancel juga maksudnya gimana ya? Tolong kalau estimasi pengantaran sudah lebih dari waktu, sediakan opsi cancel dari customer. Tadi setelah saya hubungi CS ternyata makanan juga belum di prepare dari resto padahal sudah nunggu 1,5 jam. Makin buruk aja pelayanan grab",susah untuk akses selain call center tolong sediakan chat aplikasi pesan grabfood estimasi sampai sekitar jam udah stress nih aplikasi gabisa cancel juga maksudnya gimana tolong kalau estimasi pengantaran sudah lebih dari waktu sediakan opsi cancel dari customer tadi setelah saya hubungi ternyata makanan juga belum prepare dari resto padahal sudah nunggu jam makin buruk aja pelayanan
Jude Mendoza,5,Positive,2026-04-04 05:07:58,very convinient app,convinient
Bilal Shah,5,Positive,2026-04-04 03:33:43,"Very convenient and easy to use. Booking was quick, the driver was polite, and the ride was smooth. Really helpful app for daily travel.",convenient easy booking quick driver polite ride smooth really helpful daily travel
One Peace,1,Negative,2026-04-04 02:49:31,bakit walang cancellation sa cs ? pinapahirapan niyo mga rider niyo imbes hindi na magtatagal dami niyo pakulo kawawa cs at delivery rider sa systema niyo,bakit walang cancellation pinapahirapan niyo mga rider niyo imbes hindi magtatagal dami niyo pakulo kawawa delivery rider systema niyo
Tina Widuri,1,Negative,2026-04-04 01:28:37,Not recommended,recommended
S.F.K PULCO,5,Positive,2026-04-04 00:19:30,"Best Delivery, Rides I Had In South east Asia from experience in aIndonisia used it A lot over the last 10 years, and in Malaysia whenever I visit it just gets better, well. recommended. thanks Grab Team & Staff. GO GRAB !!!",best delivery ride south east asia experience aindonisia used lot last year malaysia whenever visit get better well recommended thanks team staff
tsnim amni,5,Positive,2026-04-04 00:07:09,the most frequent app that I use.,frequent
Phebe Tania,1,Negative,2026-04-03 23:54:56,"apk aneh, gbs cancel order pdhl 1 menit pun blm",apk aneh gb cancel order pdhl menit pun blm
giri setyanto,5,Positive,2026-04-03 23:10:18,ok bgt,bgt
DAVID WEGE,5,Positive,2026-04-03 22:41:07,This is the most convenient app for transport and deliveries. It's easy and efficient,convenient transport delivery easy efficient
Andre Chandra,1,Negative,2026-04-03 22:24:13,"TRASH, 2 Hour for martabak that near, really?",trash hour martabak near really
Imran Haider,5,Positive,2026-04-03 22:22:37,"Grab covers almost everything — rides, food delivery, groceries, and payments. The app is smooth and booking is quick. Surge pricing during peak hours can be frustrating, but the convenience it offers across Southeast Asia is hard to match. A daily essential for me.",cover almost everything ride food delivery grocery payment smooth booking quick surge pricing peak hour frustrating convenience offer across southeast asia hard match daily essential
James Cockshull,1,Negative,2026-04-03 21:59:57,"Really useful app, but the ads are intrusive and excessive and detract from the user experience. A more tasteful approach to advertising would significantly improve the app",really useful ad intrusive excessive detract user experience tasteful approach advertising significantly improve
Abidin Surya,5,Positive,2026-04-03 21:50:32,A good traveling app,good traveling
Guna,1,Negative,2026-04-03 21:09:11,Expensive pricing. at 8.59pm is rm13 and after that at 9.01pm it's become RM26.,expensive pricing become
ming chung,5,Positive,2026-04-03 20:51:56,"Pick me up w extra effort, tell me not to trust grab‘s location 100%, send driver location picture instead, good to know!",pick extra effort tell trust grab location send driver location picture instead good know
Lina Patiño,5,Positive,2026-04-03 20:21:02,Very helpful to find a cool and cheap ride,helpful find cool cheap ride
Jimmey Kinih,5,Positive,2026-04-03 20:17:58,terbaik,terbaik
Danne Aeris C,1,Negative,2026-04-03 20:17:54,"For every code u ask for login, u need to do a new version of recaptcha that requires 5 instances of multiple clicks just to finish. What's worse is the code is auto sent to whatsapp and not normal sms so u have to repeat that terrible recaptcha. And thr worst part is u dont get a code at first try and u have to repeat again. Recaptcha AGAIN FOR THE 3RD TIME. HORRIBLE EXPERIENCE WONT INSTALL AGAIN.",every code ask login need new version recaptcha requires instance multiple click finish whats worse code auto sent whatsapp normal sm repeat terrible recaptcha thr worst part dont code first try repeat recaptcha time horrible experience wont install
Henry Goh,1,Negative,2026-04-03 19:41:42,"this is not the first time I see issues with your platform. can you prevent drivers from cancelling after 2 minutes? I wasted 10 minutes waiting for this stupid cancellation! at the very least, allow us to give 1 star review for such drivers so they cannot get better deals! waste my bloody time!",first time see issue platform prevent driver cancelling minute wasted minute waiting stupid cancellation least allow give star review driver better deal waste bloody time
ajim rhmn,5,Positive,2026-04-03 19:28:46,Good!! Easy to use.,good easy
Nhia Moua,1,Negative,2026-04-03 18:37:38,GPS function not working well within the last week.,gps function working well within last week
Hans Rudolf,1,Negative,2026-04-03 18:32:30,"Driver always too far, fix ts...",driver always far fix
Cedric Edmonds,5,Positive,2026-04-03 18:28:51,polite and friendly,polite friendly
Ulin Nihayah,1,Negative,2026-04-03 18:05:48,Sering dapet driver yang lebih dekat dengan tempat tujuan daripada titik penjemputan,sering dapet driver yang lebih dekat dengan tempat tujuan daripada titik penjemputan
tsp resources,5,Positive,2026-04-03 17:32:29,excellent driver,excellent driver
Andre Saftari,3,Neutral,2026-04-03 17:16:24,"It's all good. But the drivers are the issues. Here's a thing. A driver often replied ""Please wait"" and somehow, after 5 minutes, they cancelled with no prior reasoning at all. So inconsistent.",good driver issue here thing driver often replied wait somehow minute cancelled prior reasoning inconsistent
Stacey Mcginness,5,Positive,2026-04-03 17:15:04,A great App,great
Jan Tamayo,2,Negative,2026-04-03 17:07:25,service is bad,service bad
Otep Otap,1,Negative,2026-04-03 16:52:11,ano bayan ilang beses na ako nag order sa apps na toh Wala man lang ka discount discount nakaka inis lang,ano bayan ilang beses ako nag order apps toh wala man lang discount discount nakaka inis lang
Diana Rose Javier,5,Positive,2026-04-03 16:36:14,comfortable and safe driving. 🥰,comfortable safe driving
bigmac 24mc,4,Positive,2026-04-03 16:32:24,good👍👍👍👍,good
Atan BMW,5,Positive,2026-04-03 16:31:24,delivery on time,delivery time
Chin Xin Ru,1,Negative,2026-04-03 16:19:45,consulted grab because they missed one of the items on my order just for them to refund the money in a voucher WHICH can be used to order the same item but I have to pay for delivery fee again 😀 grab it's not that hard to give both and own up for your mistake. do better.,consulted missed item order refund money voucher used order item pay delivery fee hard give mistake better
Emmanuel Rodriguez,4,Positive,2026-04-03 16:16:19,I always find the app glitchy at the Manila Airport. I don't experience any problem anywhere else,always find glitchy manila airport dont experience problem anywhere else
Phoenix Hydra,1,Negative,2026-04-03 16:08:19,"Sexist company! Has option to choose women drivers but not men drivers. Also when you turn off notifications, they send you notifications telling you to turn on notifications for updates.... /facepalm #notamused",sexist company option choose woman driver men driver turn notification send notification telling turn notification update facepalm
Low Yu Yan,1,Negative,2026-04-03 15:42:51,Need to wait extremely long for the driver to accept your request 😡,need wait extremely long driver accept request
Ayu Natasha Othman,1,Negative,2026-04-03 15:24:54,"Very inconveniences apps. They ask for account security but everytime enter a pin number, pin setup ALWAYS FAILED. Still appears error for both my phone. Could u fix your app😒😒😒",inconvenience apps ask account security everytime enter pin number pin setup always failed still appears error phone fix
Emyll Cenn Sotelo,1,Negative,2026-04-03 15:05:28,"I booked a ride, I search and chose a destination. When the cab is near, i noticed that my destination was automatically swithed to home. Then I was supposed to change my destination while the cab has not picked me up but the system says I may change my destination once the driver has picked me up. So i trusted your System. But when the driver picked me up, the App says I cannot change my destination unless the driver drop me to a near location. But The Driver is hesitant. So how? Fix it",booked ride search chose destination cab near noticed destination automatically swithed home supposed change destination cab picked system say may change destination driver picked trusted system driver picked say change destination unless driver drop near location driver hesitant fix
